Time,Speed,Occu,Label
14420,59.030245,1.5,70 MPH
14440,59.030245,2,70 MPH
14460,55.302019,2,70 MPH
14480,65.243955,1.5,70 MPH
14560,64.622584,2.5,70 MPH
14580,55.92339,0.5,70 MPH
14640,60.272987,0.5,70 MPH
14680,63.17271833,2.5,70 MPH
14700,65.243955,2,70 MPH
14740,57.166132,2,70 MPH
14760,55.92339,1,70 MPH
14840,59.030245,0.5,70 MPH
14900,73.943149,1,70 MPH
14920,68.972181,1,70 MPH
14980,65.243955,1,70 MPH
15060,70.5256085,0.5,70 MPH
15080,65.243955,1,70 MPH
15100,64.001213,3,70 MPH
15120,65.865326,0.5,70 MPH
15140,65.865326,0.5,70 MPH
15160,65.243955,0.5,70 MPH
15200,67.729439,0.5,70 MPH
15240,67.108068,0.5,70 MPH
15260,68.972181,1.5,70 MPH
15300,67.729439,0.5,70 MPH
15340,71.7683505,1,70 MPH
15360,67.729439,0.5,70 MPH
15420,67.108068,1,70 MPH
15540,65.865326,0.5,70 MPH
15560,65.865326,0.5,70 MPH
15620,71.1469795,3,70 MPH
15760,67.729439,0.5,70 MPH
15780,68.972181,0.5,70 MPH
15800,67.729439,3,70 MPH
15820,67.729439,0.5,70 MPH
15840,68.972181,0.5,70 MPH
15860,71.457665,3,70 MPH
15900,65.865326,0.5,70 MPH
15940,67.108068,0.5,70 MPH
15960,67.108068,1.5,70 MPH
16000,67.108068,3,70 MPH
16020,67.729439,1,70 MPH
16040,70.214923,1.5,70 MPH
16060,70.214923,0.5,70 MPH
16080,72.700407,1.5,70 MPH
16100,72.700407,0.5,70 MPH
16120,68.972181,1.5,70 MPH
16140,68.972181,1.5,70 MPH
16220,71.25054133,2,70 MPH
16240,67.729439,0.5,70 MPH
16280,67.729439,0.5,70 MPH
16300,70.836294,1,70 MPH
16320,70.214923,0.5,70 MPH
16380,71.7683505,2.5,70 MPH
16440,67.729439,0.5,70 MPH
16480,70.214923,1,70 MPH
16500,67.729439,1,70 MPH
16520,67.108068,0.5,70 MPH
16540,72.700407,2,70 MPH
16580,74.8752055,1,70 MPH
16600,70.836294,0.5,70 MPH
16620,70.836294,1.5,70 MPH
16640,64.001213,2.5,70 MPH
16680,66.33135425,2.5,70 MPH
16720,62.758471,1.5,70 MPH
16740,78.914117,0.5,70 MPH
16760,62.758471,0.5,70 MPH
16780,72.28615967,2,70 MPH
16820,68.6614955,2.5,70 MPH
16840,59.030245,0.5,70 MPH
16860,75.807262,0.5,70 MPH
16900,60.272987,2,70 MPH
16940,62.758471,2,70 MPH
16960,72.079036,1.5,70 MPH
16980,73.6324635,0.5,70 MPH
17020,68.972181,0.5,70 MPH
17060,72.90753067,2.5,70 MPH
17080,74.8752055,1,70 MPH
17100,70.836294,0.5,70 MPH
17140,78.914117,0.5,70 MPH
17160,70.836294,0.5,70 MPH
17180,72.700407,2,70 MPH
17220,72.700407,0.5,70 MPH
17240,67.729439,3,70 MPH
17260,73.321778,1.5,70 MPH
17280,65.243955,2,70 MPH
17320,65.243955,0.5,70 MPH
17340,80.156859,0.5,70 MPH
17360,67.108068,1,70 MPH
17380,62.758471,2.5,70 MPH
17400,64.001213,0.5,70 MPH
17440,74.35739633,4.5,70 MPH
17460,65.865326,1,70 MPH
17480,67.729439,0.5,70 MPH
17500,67.108068,1,70 MPH
17540,70.5256085,3.5,70 MPH
17560,68.972181,1.5,70 MPH
17580,72.700407,0.5,70 MPH
17600,72.700407,0.5,70 MPH
17620,75.185891,2,70 MPH
17640,76.22150933,3.5,70 MPH
17680,78.292746,0.5,70 MPH
17700,72.079036,4,70 MPH
17740,72.079036,0.5,70 MPH
17760,72.079036,0.5,70 MPH
17780,72.700407,2,70 MPH
17800,73.943149,0.5,70 MPH
17900,73.321778,3,70 MPH
17940,70.214923,1.5,70 MPH
17960,63.22449925,5,70 MPH
17980,59.030245,0.5,70 MPH
18040,60.272987,0.5,70 MPH
18060,57.787503,0.5,70 MPH
18100,57.787503,0.5,70 MPH
18140,59.030245,1,70 MPH
18160,65.45107867,3,70 MPH
18180,59.030245,0.5,70 MPH
18200,60.272987,0.5,70 MPH
18220,59.030245,0.5,70 MPH
18240,62.1371,0.5,70 MPH
18260,62.1371,0.5,70 MPH
18280,64.001213,0.5,70 MPH
18300,65.865326,0.5,70 MPH
18320,70.214923,0.5,70 MPH
18340,72.079036,1,70 MPH
18360,72.700407,1.5,70 MPH
18420,72.700407,1,70 MPH
18440,72.700407,2.5,70 MPH
18480,72.079036,1.5,70 MPH
18500,73.943149,1,70 MPH
18560,70.836294,3,70 MPH
18580,72.28615967,2,70 MPH
18620,68.972181,2,70 MPH
18680,68.972181,1.5,70 MPH
18700,67.108068,0.5,70 MPH
18720,65.865326,1.5,70 MPH
18760,68.972181,2,70 MPH
18780,68.972181,1,70 MPH
18800,70.836294,0.5,70 MPH
18820,70.836294,0.5,70 MPH
18840,73.321778,1.5,70 MPH
18880,75.185891,0.5,70 MPH
18900,70.214923,0.5,70 MPH
18920,74.56452,1,70 MPH
18940,70.214923,0.5,70 MPH
18960,70.836294,2,70 MPH
18980,72.079036,0.5,70 MPH
19000,72.700407,1,70 MPH
19020,70.214923,3.5,70 MPH
19040,70.836294,2,70 MPH
19060,72.079036,0.5,70 MPH
19080,74.2538345,2.5,70 MPH
19100,73.943149,2,70 MPH
19120,72.700407,1.5,70 MPH
19140,74.35739633,2.5,70 MPH
19160,72.700407,2,70 MPH
19180,75.185891,1.5,70 MPH
19200,72.700407,2,70 MPH
19220,70.836294,1,70 MPH
19240,76.428633,3,70 MPH
19260,72.700407,2,70 MPH
19280,68.972181,0.5,70 MPH
19360,67.729439,1.5,70 MPH
19380,67.729439,0.5,70 MPH
19420,67.729439,0.5,70 MPH
19440,73.943149,2.5,70 MPH
19480,70.214923,0.5,70 MPH
19520,70.214923,1.5,70 MPH
19540,67.729439,3,70 MPH
19560,71.25054133,3,70 MPH
19580,72.079036,3.5,70 MPH
19600,72.3275844,3,70 MPH
19660,70.214923,1.5,70 MPH
19680,70.214923,1.5,70 MPH
19700,70.214923,1.5,70 MPH
19720,70.214923,0.5,70 MPH
19740,77.671375,3,70 MPH
19780,72.079036,1,70 MPH
19800,72.079036,0.5,70 MPH
19820,72.700407,1.5,70 MPH
19840,76.22150933,3.5,70 MPH
19860,72.079036,2,70 MPH
19880,70.836294,4,70 MPH
19900,70.836294,0.5,70 MPH
19920,75.185891,2,70 MPH
19960,72.079036,0.5,70 MPH
19980,83.263714,0.5,70 MPH
20000,70.836294,2,70 MPH
20020,76.428633,1,70 MPH
20040,72.700407,2.5,70 MPH
20060,70.836294,2,70 MPH
20080,72.700407,4,70 MPH
20100,72.079036,1.5,70 MPH
20120,70.214923,0.5,70 MPH
20140,70.836294,0.5,70 MPH
20160,70.214923,2,70 MPH
20180,78.6034315,2.5,70 MPH
20200,67.108068,2,70 MPH
20220,78.292746,3,70 MPH
20240,72.4518586,3,70 MPH
20260,71.457665,2,70 MPH
20280,72.90753067,3.5,70 MPH
20300,70.836294,5.5,70 MPH
20320,72.700407,2,70 MPH
20340,76.01438567,2,70 MPH
20360,72.700407,0.5,70 MPH
20380,67.729439,5,70 MPH
20400,77.3606895,1,70 MPH
20420,68.972181,2.5,70 MPH
20440,65.865326,2.5,70 MPH
20460,70.214923,0.5,70 MPH
20480,68.972181,0.5,70 MPH
20500,70.214923,2.5,70 MPH
20520,67.729439,2,70 MPH
20540,74.9373426,5,70 MPH
20560,68.972181,0.5,70 MPH
20580,77.87849867,2,70 MPH
20600,68.972181,1.5,70 MPH
20620,71.61300775,4.5,70 MPH
20640,67.108068,0,70 MPH
20660,64.001213,3,70 MPH
20680,74.56452,4.5,70 MPH
20700,65.243955,1,70 MPH
20720,67.108068,1,70 MPH
20740,65.865326,1.5,70 MPH
20760,65.865326,0.5,70 MPH
20780,74.8752055,1,70 MPH
20800,69.14971557,6.5,70 MPH
20820,73.943149,1.5,70 MPH
20840,81.24425825,4,70 MPH
20860,72.90753067,3.5,70 MPH
20880,70.214923,1.5,70 MPH
20900,67.729439,3,70 MPH
20920,70.214923,4.5,70 MPH
20940,64.001213,1,70 MPH
20960,78.914117,1,70 MPH
20980,65.243955,0.5,70 MPH
21000,72.079036,2.5,70 MPH
21020,67.729439,2.5,70 MPH
21040,72.3897215,3.5,70 MPH
21060,67.108068,2.5,70 MPH
21100,68.972181,1,70 MPH
21120,72.700407,2.5,70 MPH
21140,71.2091166,5,70 MPH
21160,74.8752055,2,70 MPH
21180,68.972181,1,70 MPH
21200,73.6324635,1,70 MPH
21220,69.9042375,5.5,70 MPH
21240,65.243955,0.5,70 MPH
21260,64.001213,0.5,70 MPH
21280,65.865326,1,70 MPH
21300,62.758471,3,70 MPH
21320,69.80067567,1.5,70 MPH
21340,65.243955,6,70 MPH
21360,71.04341767,6,70 MPH
21380,68.972181,4.5,70 MPH
21400,64.3740356,4,70 MPH
21420,63.89765117,5,70 MPH
21440,60.272987,0.5,70 MPH
21460,60.272987,1.5,70 MPH
21480,60.894358,0.5,70 MPH
21500,67.108068,4.5,70 MPH
21520,62.758471,2.5,70 MPH
21540,69.9042375,4,70 MPH
21560,60.894358,4,70 MPH
21580,59.030245,2.5,70 MPH
21600,64.9332695,2.5,70 MPH
21620,64.9332695,2.5,70 MPH
21660,68.0401245,5.5,70 MPH
21680,65.9896002,5,70 MPH
21700,65.243955,2.5,70 MPH
21720,60.272987,4,70 MPH
21740,60.272987,1,70 MPH
21760,60.894358,0.5,70 MPH
21780,60.272987,1.5,70 MPH
21800,68.0401245,3.5,70 MPH
21820,66.07244967,2,70 MPH
21840,68.55793367,2,70 MPH
21860,59.030245,3,70 MPH
21880,64.622584,2.5,70 MPH
21900,65.243955,1.5,70 MPH
21920,68.35081,4,70 MPH
21940,62.758471,1,70 MPH
21960,64.001213,1.5,70 MPH
21980,69.67122338,5.5,70 MPH
22000,69.593552,2.5,70 MPH
22020,69.9042375,1.5,70 MPH
22040,61.1429064,4,70 MPH
22060,55.92339,1,70 MPH
22080,62.21477138,6,70 MPH
22100,64.622584,2.5,70 MPH
22120,68.35081,3.5,70 MPH
22140,63.0070194,3.5,70 MPH
22160,61.98175725,3.5,70 MPH
22180,63.0691565,1.5,70 MPH
22200,62.1371,8,70 MPH
22220,62.34422367,2,70 MPH
22240,64.622584,1,70 MPH
22260,64.001213,4.5,70 MPH
22280,63.2555678,4,70 MPH
22300,67.6051648,3.5,70 MPH
22320,67.108068,2.5,70 MPH
22340,65.7410518,3,70 MPH
22360,65.42148957,5,70 MPH
22380,64.001213,2,70 MPH
22400,62.96559467,5,70 MPH
22420,57.787503,1.5,70 MPH
22440,68.50615275,3,70 MPH
22460,64.3118985,4,70 MPH
22480,62.91381375,5,70 MPH
22500,60.11764425,2.5,70 MPH
22520,59.030245,1.5,70 MPH
22540,64.9954066,3.5,70 MPH
22560,57.166132,2,70 MPH
22580,59.030245,2,70 MPH
22600,63.0691565,6,70 MPH
22620,57.787503,2.5,70 MPH
22640,52.816535,1.5,70 MPH
22660,52.816535,2.5,70 MPH
22680,58.61599767,3.5,70 MPH
22700,57.2904062,3,70 MPH
22720,60.5215354,3.5,70 MPH
22740,52.195164,3,55 MPH
22760,50.952422,3,55 MPH
22780,67.108068,1.5,55 MPH
22800,60.0244386,4,55 MPH
22820,59.651616,7,55 MPH
22840,57.6632288,5,55 MPH
22860,56.7933094,3.5,55 MPH
22880,62.1371,4,55 MPH
22900,49.70968,2,55 MPH
22920,54.47352433,1.5,55 MPH
22940,50.952422,6,55 MPH
22960,54.9913335,3.5,55 MPH
22980,49.70968,4.5,55 MPH
23000,48.37817071,7,55 MPH
23020,45.44885029,5.5,55 MPH
23040,45.77433033,6,55 MPH
23060,45.6707685,4,55 MPH
23080,42.71925625,4,55 MPH
23100,45.15295933,2.5,55 MPH
23120,54.059277,6.5,55 MPH
23140,44.117341,4,55 MPH
23160,44.117341,7,55 MPH
23180,36.24664167,8,55 MPH
23200,36.9715745,2.5,55 MPH
23220,45.77433033,2.5,55 MPH
23240,46.44748225,6,55 MPH
23260,40.1405666,16.5,55 MPH
23280,34.9210502,7,55 MPH
23300,37.12691725,3,55 MPH
23320,29.825808,6,55 MPH
23340,40.03404586,7,55 MPH
23360,36.19486075,14.5,55 MPH
23380,29.204437,2.5,55 MPH
23400,29.204437,1.5,55 MPH
23420,29.204437,9.5,55 MPH
23440,31.06855,6,55 MPH
23460,30.447179,12.5,45 MPH
23480,21.747985,10.5,45 MPH
23500,16.777017,9.5,45 MPH
23520,15.43071317,24.5,45 MPH
23540,22.6179044,27.5,35 MPH
23560,11.184678,27,35 MPH
23580,18.8896784,29.5,35 MPH
23600,9.941936,33,35 MPH
23620,11.184678,25,35 MPH
23640,17.2741138,23,35 MPH
23660,16.93235975,27,35 MPH
23680,9.941936,32.5,35 MPH
23700,16.31098875,37.5,35 MPH
23720,17.30962071,26.5,35 MPH
23740,17.6469364,29,35 MPH
23760,14.291533,26.5,35 MPH
23780,9.941936,18.5,35 MPH
23800,11.184678,20.5,35 MPH
23820,11.184678,24.5,35 MPH
23860,21.8722592,38,35 MPH
23880,13.82550475,28,35 MPH
23900,13.82550475,28,35 MPH
23920,8.077823,24.5,35 MPH
23940,9.941936,16,35 MPH
23960,12.94522917,22,35 MPH
23980,8.699194,19,35 MPH
24000,8.699194,20,35 MPH
24020,8.077823,17,35 MPH
24040,11.0604038,24.5,35 MPH
24060,11.34002075,29,35 MPH
24080,11.34002075,29,35 MPH
24100,8.077823,17,35 MPH
24120,10.2526215,21,35 MPH
24140,11.184678,12.5,35 MPH
24160,13.2973394,11.5,35 MPH
24180,9.941936,15,35 MPH
24200,9.941936,15.5,35 MPH
24220,9.941936,10,35 MPH
24240,8.699194,12,35 MPH
24260,11.34002075,23.5,35 MPH
24280,8.077823,15,35 MPH
24300,8.077823,19.5,35 MPH
24320,10.91837614,20,35 MPH
24340,10.03070329,14.5,35 MPH
24360,11.806049,16,35 MPH
24380,11.806049,14.5,35 MPH
24400,13.46303833,31.5,35 MPH
24420,11.28823983,27.5,35 MPH
24440,10.563307,44,35 MPH
24460,8.077823,24.5,35 MPH
24480,9.0720166,31.5,35 MPH
24500,11.28823983,34.5,35 MPH
24520,9.941936,21.5,35 MPH
24540,8.077823,22,35 MPH
24560,6.835081,27.5,35 MPH
24580,3.106855,24,35 MPH
24600,3.728226,31,35 MPH
24620,6.835081,22,35 MPH
24640,11.09591071,24,35 MPH
24660,8.699194,22.5,35 MPH
24680,11.184678,22.5,35 MPH
24700,6.835081,16.5,35 MPH
24720,6.835081,18,35 MPH
24740,9.527688667,27.5,35 MPH
24760,6.21371,19.5,35 MPH
24780,7.2079036,33,35 MPH
24800,13.82550475,20,35 MPH
24820,10.563307,40,35 MPH
24840,8.3263714,35.5,35 MPH
24860,9.675634143,29.5,35 MPH
24880,10.29700514,40,35 MPH
24900,9.217003167,37,35 MPH
24920,9.734812333,26,35 MPH
24940,9.941936,30.5,35 MPH
24960,11.184678,35,35 MPH
24980,12.42742,20,35 MPH
25000,11.184678,19,35 MPH
25020,12.58276275,19,35 MPH
25040,12.1167345,26,35 MPH
25060,8.077823,21.5,35 MPH
25080,10.40796425,34,35 MPH
25100,8.699194,5.5,35 MPH
25120,6.835081,13,35 MPH
25140,8.181384833,23.5,35 MPH
25160,11.10700663,31,35 MPH
25180,10.8739925,11.5,35 MPH
25200,9.320565,34,35 MPH
25220,9.320565,34,35 MPH
25240,8.699194,22,35 MPH
25260,9.0720166,38,35 MPH
25280,6.835081,23,35 MPH
25300,6.9593552,20,35 MPH
25320,7.456452,16,35 MPH
25340,6.21371,29,35 MPH
25360,8.699194,32.5,35 MPH
25380,9.941936,32,35 MPH
25400,9.941936,26.5,35 MPH
25420,12.42742,28,35 MPH
25440,11.59892533,41.5,35 MPH
25460,14.912904,35,35 MPH
25480,12.84166733,18,35 MPH
25500,11.806049,26.5,35 MPH
25520,11.806049,33.5,35 MPH
25540,10.38577243,52,35 MPH
25560,11.806049,43,35 MPH
25580,11.96139175,30.5,35 MPH
25600,12.1167345,20,35 MPH
25620,12.22029633,37.5,35 MPH
25640,14.912904,20,35 MPH
25660,14.912904,53,35 MPH
25680,13.58139471,31,35 MPH
25700,14.912904,38,35 MPH
25720,14.912904,31.5,35 MPH
25740,11.9303232,38,35 MPH
25760,12.58276275,35.5,35 MPH
25780,13.87728567,41.5,35 MPH
25800,14.291533,37,35 MPH
25820,13.13755829,19.5,35 MPH
25840,9.941936,18,35 MPH
25860,14.13619025,26.5,35 MPH
25880,16.24441329,30.5,35 MPH
25900,14.6643556,34,35 MPH
25920,14.291533,28.5,35 MPH
25940,15.7828234,33.5,35 MPH
25960,13.670162,26,35 MPH
25980,11.27344529,25,35 MPH
26000,13.048791,39.5,35 MPH
26020,15.2857266,26,35 MPH
26040,13.670162,30,35 MPH
26060,15.00167129,35,35 MPH
26080,15.00167129,35,35 MPH
26100,14.291533,30,35 MPH
26120,13.20413375,43.5,35 MPH
26140,12.97111963,33.5,35 MPH
26160,12.97111963,33.5,35 MPH
26180,11.184678,29.5,35 MPH
26200,13.048791,33.5,35 MPH
26220,15.35674043,33.5,35 MPH
26240,11.806049,29,35 MPH
26260,11.184678,34.5,35 MPH
26280,8.699194,29,35 MPH
26300,6.21371,29.5,35 MPH
26320,6.835081,30.5,35 MPH
26340,12.42742,35.5,35 MPH
26360,14.291533,33,35 MPH
26380,13.9808475,31.5,35 MPH
26400,10.9361296,32,35 MPH
26420,11.4953635,32,35 MPH
26440,11.4953635,32,35 MPH
26460,9.941936,35,35 MPH
26480,9.941936,37,35 MPH
26500,11.89481629,37.5,35 MPH
26520,12.84166733,28,35 MPH
26540,8.699194,31.5,35 MPH
26560,9.941936,28,35 MPH
26580,12.7381055,33.5,35 MPH
26600,12.7381055,36.5,35 MPH
26620,10.2526215,36.5,35 MPH
26640,14.13619025,43.5,35 MPH
26660,12.66043413,33.5,35 MPH
26680,13.15235283,35,35 MPH
26700,13.670162,30,35 MPH
26720,12.8002426,29.5,35 MPH
26740,14.6022185,14.5,35 MPH
26760,11.9303232,19.5,35 MPH
26780,14.912904,19.5,35 MPH
26800,10.8118554,22.5,35 MPH
26820,15.06824675,17,35 MPH
26840,14.291533,8.5,35 MPH
26860,21.126614,9,35 MPH
26880,24.85484,11,35 MPH
26900,23.16826157,9.5,35 MPH
26920,20.71236667,11,35 MPH
26940,19.262501,11,35 MPH
26960,22.990727,7,35 MPH
26980,24.85484,9.5,35 MPH
27000,24.85484,5,35 MPH
27020,25.94223925,9.5,35 MPH
27040,24.85484,9.5,35 MPH
27060,24.233469,9,35 MPH
27080,26.89648757,7.5,35 MPH
27100,27.961695,6.5,35 MPH
27120,27.961695,9.5,35 MPH
27140,25.37264917,13.5,35 MPH
27160,24.28995727,17,35 MPH
27180,23.81922167,11.5,35 MPH
27200,24.44059267,9.5,35 MPH
27220,24.44059267,9.5,35 MPH
27240,24.85484,5,35 MPH
27260,24.233469,7.5,35 MPH
27280,21.126614,9.5,35 MPH
27300,16.155646,13.5,35 MPH
27320,19.262501,21,35 MPH
27340,19.262501,21,35 MPH
27360,22.369356,22,35 MPH
27380,22.369356,22,35 MPH
27400,20.505243,27.5,35 MPH
27440,17.0877025,22,35 MPH
27460,19.5731865,21.5,35 MPH
27480,26.81454854,16.5,35 MPH
27500,26.81454854,16.5,35 MPH
27520,24.77716863,13,35 MPH
27540,21.90332775,11.5,35 MPH
27560,20.34990025,13,35 MPH
27580,20.34990025,13,35 MPH
27600,24.02634533,16,35 MPH
27620,24.02634533,16,35 MPH
27640,21.41658713,27,35 MPH
27660,22.43839722,14.5,35 MPH
27680,22.369356,14.5,35 MPH
27700,27.29252623,18.5,35 MPH
27720,29.04909425,5,35 MPH
27740,29.04909425,5,35 MPH
27760,35.418147,7.5,35 MPH
27780,38.525002,5.5,35 MPH
27800,42.9988732,8.5,35 MPH
27820,43.28884633,8.5,35 MPH
27840,49.70968,1.5,35 MPH
27860,49.70968,1.5,35 MPH
27880,49.50255633,8,35 MPH
27900,49.50255633,8,35 MPH
27920,52.195164,4.5,35 MPH
27940,50.5795994,3.5,35 MPH
27960,44.117341,1,45 MPH
27980,44.117341,1,45 MPH
28000,50.17570825,7,45 MPH
28020,52.195164,2,45 MPH
28040,44.738712,3.5,45 MPH
28060,48.31159525,3.5,45 MPH
28080,57.787503,1.5,45 MPH
28100,50.331051,6.5,45 MPH
28120,44.29487557,5.5,45 MPH
28140,49.50255633,6,45 MPH
28160,49.50255633,6,45 MPH
28180,42.874599,2.5,45 MPH
28200,45.51542575,7.5,45 MPH
28220,44.27268375,7,45 MPH
28240,45.7329056,6,45 MPH
28260,41.010486,0.5,45 MPH
28280,42.874599,0.5,45 MPH
28300,49.3989945,6,45 MPH
28320,49.3989945,6,45 MPH
28340,54.5563738,4,45 MPH
28360,50.68612014,5.5,45 MPH
28380,50.77488743,9,45 MPH
28400,42.253228,5.5,45 MPH
28420,38.7735504,11.5,45 MPH
28440,39.33756408,18.5,45 MPH
28460,39.146373,18,45 MPH
28480,39.146373,18,45 MPH
28500,40.80336233,3,45 MPH
28520,38.34746743,7,45 MPH
28540,43.8066555,2.5,45 MPH
28560,42.9988732,3.5,45 MPH
28580,42.9988732,3.5,45 MPH
28600,42.253228,3,45 MPH
28620,47.5348815,3,45 MPH
28640,47.845567,3,45 MPH
28660,49.70968,6.5,45 MPH
28680,49.088309,1.5,45 MPH
28700,49.088309,1.5,45 MPH
28720,47.98364944,11,45 MPH
28740,37.903631,5.5,45 MPH
28760,37.903631,5.5,45 MPH
28780,41.631857,7.5,45 MPH
28800,40.85514325,2.5,45 MPH
28860,41.7561312,9,45 MPH
28880,39.767744,11.5,45 MPH
28900,38.73212567,4.5,45 MPH
28920,38.73212567,4.5,45 MPH
28940,37.903631,2,45 MPH
28960,44.68222373,8.5,45 MPH
28980,44.117341,0.5,45 MPH
29000,46.39570133,4.5,45 MPH
29020,49.3989945,3,45 MPH
29040,48.25981433,3,45 MPH
29060,47.845567,3.5,45 MPH
29080,48.466938,2,45 MPH
29100,49.70968,1.5,45 MPH
29120,50.952422,5.5,45 MPH
29140,41.010486,8,45 MPH
29160,44.117341,1.5,45 MPH
29180,44.117341,1.5,45 MPH
29200,44.117341,2.5,45 MPH
29220,50.0203655,0.5,45 MPH
29240,47.75679971,7,45 MPH
29260,45.360083,9,45 MPH
29280,45.360083,9,45 MPH
29300,45.6707685,2.5,45 MPH
29320,45.6707685,2.5,45 MPH
29340,46.9135105,1,45 MPH
29360,50.7038736,3,45 MPH
29380,55.92339,2,45 MPH
29400,57.0418578,3,45 MPH
29420,52.5058495,1,45 MPH
29440,55.5505674,3.5,45 MPH
29480,50.5795994,5.5,45 MPH
29500,45.981454,9.5,45 MPH
29520,47.5348815,1.5,45 MPH
29540,47.5348815,1.5,45 MPH
29560,55.302019,0.5,45 MPH
29580,55.92339,4.5,45 MPH
29600,55.92339,0.5,45 MPH
29620,51.573793,3.5,45 MPH
29640,46.602825,8,45 MPH
29660,54.680648,2,45 MPH
29700,44.32446467,7.5,45 MPH
29720,51.10776475,6,45 MPH
29740,49.70968,5,45 MPH
29760,49.70968,5,45 MPH
29780,50.331051,7,45 MPH
29800,52.60941133,2,45 MPH
29820,52.816535,7.5,45 MPH
29840,52.195164,5,45 MPH
29860,56.6690352,8,45 MPH
29880,56.6690352,8,45 MPH
29900,54.1835512,4.5,45 MPH
29920,48.67406167,2.5,45 MPH
29940,51.8844785,5,45 MPH
29960,44.738712,1,45 MPH
29980,44.738712,1,45 MPH
30000,52.4437124,4,45 MPH
30020,50.952422,3,45 MPH
30040,55.92339,6,45 MPH
30060,58.2845998,3.5,45 MPH
30080,58.2845998,3.5,45 MPH
30100,58.0981885,1,45 MPH
30120,49.70968,2,45 MPH
30140,50.952422,0.5,45 MPH
30160,65.243955,4.5,45 MPH
30180,58.1603256,9,45 MPH
30200,58.1603256,9,45 MPH
30220,54.26640067,5.5,45 MPH
30240,50.952422,1.5,45 MPH
30260,53.437906,2.5,45 MPH
30280,49.088309,2.5,45 MPH
30300,49.97598186,8.5,45 MPH
30320,49.088309,1,45 MPH
30340,50.952422,3.5,45 MPH
30360,50.952422,1,45 MPH
30380,51.2631075,0.5,45 MPH
30400,52.195164,6.5,45 MPH
30420,52.195164,6.5,45 MPH
30440,54.1835512,3,45 MPH
30460,57.99462667,2,45 MPH
30480,62.1371,5,45 MPH
30500,54.680648,4.5,45 MPH
30520,67.108068,1.5,55 MPH
30540,67.108068,1.5,55 MPH
30560,63.79408933,2,55 MPH
30580,56.544761,4,55 MPH
30600,56.544761,4,55 MPH
30620,59.3409305,2.5,55 MPH
30640,55.302019,2.5,55 MPH
30660,53.7485915,6.5,55 MPH
30680,54.88777167,4.5,55 MPH
30700,56.70010375,3,55 MPH
30720,49.9582284,4,55 MPH
30740,49.9582284,4,55 MPH
30760,53.437906,3.5,55 MPH
30780,53.437906,3.5,55 MPH
30800,55.302019,8.5,55 MPH
30820,56.2340755,3.5,55 MPH
30840,56.2340755,3.5,55 MPH
30860,51.04118929,9,55 MPH
30880,49.088309,7.5,55 MPH
30900,39.767744,1.5,55 MPH
30920,57.2904062,3.5,55 MPH
30940,44.117341,2.5,55 MPH
30960,44.117341,2.5,55 MPH
30980,60.272987,0,55 MPH
31000,59.49627325,5.5,55 MPH
31020,55.6127045,3,55 MPH
31040,56.72229557,5,55 MPH
31080,54.47352433,4,55 MPH
31100,49.70968,9,55 MPH
31120,47.224196,0.5,55 MPH
31140,50.0203655,4,55 MPH
31160,53.85215333,1.5,55 MPH
31180,53.85215333,1.5,55 MPH
31200,60.18421971,5,55 MPH
31220,54.059277,6,55 MPH
31240,42.874599,0.5,55 MPH
31260,54.059277,3.5,55 MPH
31280,61.0186322,3,55 MPH
31300,61.0186322,3,55 MPH
31320,57.9117772,5,55 MPH
31340,54.47352433,5,55 MPH
31360,55.302019,7,55 MPH
31380,52.816535,1.5,55 MPH
31440,55.4262932,3,55 MPH
31460,54.059277,0.5,55 MPH
31480,52.816535,0.5,55 MPH
31500,55.71626633,4.5,55 MPH
31520,55.71626633,4.5,55 MPH
31540,64.001213,0.5,55 MPH
31560,64.001213,0.5,55 MPH
31580,44.117341,7.5,55 MPH
31600,50.331051,3.5,55 MPH
31640,42.874599,2.5,55 MPH
31700,51.15954567,3.5,55 MPH
31720,47.224196,1.5,55 MPH
31740,47.224196,1.5,55 MPH
31760,51.41845025,2.5,55 MPH
31780,47.224196,4.5,55 MPH
31800,44.738712,0.5,55 MPH
31820,55.92339,2,55 MPH
31840,56.544761,6.5,55 MPH
31860,52.195164,0.5,55 MPH
31880,52.195164,0.5,55 MPH
31900,60.272987,1,55 MPH
31920,61.515729,3.5,55 MPH
31940,65.45107867,2,55 MPH
31960,70.214923,1,55 MPH
31980,63.58696567,2,55 MPH
32000,52.816535,1,55 MPH
32020,56.544761,3.5,55 MPH
32040,59.030245,3,55 MPH
32060,59.030245,3,55 MPH
32080,52.816535,2,55 MPH
32100,52.816535,2,55 MPH
32120,52.195164,2,55 MPH
32140,52.195164,0.5,55 MPH
32160,52.195164,0.5,55 MPH
32180,52.195164,3.5,55 MPH
32200,52.816535,1.5,55 MPH
32220,52.195164,0.5,55 MPH
32240,52.195164,1.5,55 MPH
32260,52.195164,0.5,55 MPH
32280,52.195164,0.5,55 MPH
32300,56.6690352,5.5,55 MPH
32320,65.243955,1,55 MPH
32340,60.5836725,4.5,55 MPH
32360,55.92339,0.5,55 MPH
32380,56.2340755,8,55 MPH
32400,49.50255633,8.5,55 MPH
32420,54.83599075,3.5,55 MPH
32440,54.83599075,3.5,55 MPH
32460,60.272987,0.5,55 MPH
32500,50.952422,1.5,55 MPH
32520,56.89983014,4.5,55 MPH
32540,56.89983014,4.5,55 MPH
32560,56.33763733,2.5,55 MPH
32580,58.20175033,3.5,55 MPH
32600,55.302019,3,55 MPH
32620,55.302019,3,55 MPH
32640,59.651616,1.5,55 MPH
32660,53.3136318,3.5,55 MPH
32680,53.3136318,3.5,55 MPH
32700,52.195164,0.5,55 MPH
32720,52.816535,3.5,55 MPH
32740,52.816535,3.5,55 MPH
32760,52.816535,1.5,55 MPH
32780,57.787503,3,55 MPH
32800,57.787503,3,55 MPH
32820,56.13051367,1.5,55 MPH
32840,54.059277,2,55 MPH
32860,52.816535,0.5,55 MPH
32880,52.816535,0.5,55 MPH
32900,54.059277,0,55 MPH
32920,52.816535,0.5,55 MPH
32940,52.816535,0.5,55 MPH
32960,50.13985992,16.5,55 MPH
32980,47.01707233,5.5,55 MPH
33000,46.75816775,2.5,55 MPH
33020,49.3989945,3.5,55 MPH
33040,49.3989945,3.5,55 MPH
33060,50.74529833,6,55 MPH
33080,53.437906,1.5,55 MPH
33100,55.302019,1.5,55 MPH
33120,52.195164,4.5,55 MPH
33180,55.302019,3,55 MPH
33200,55.302019,0.5,55 MPH
33220,52.03982125,5,55 MPH
33240,52.195164,2.5,55 MPH
33260,52.195164,2.5,55 MPH
33280,52.816535,1,55 MPH
33300,56.38941825,2.5,55 MPH
33320,52.816535,3,55 MPH
33340,54.3699625,2.5,55 MPH
33360,52.816535,2.5,55 MPH
33400,51.8223414,3.5,55 MPH
33440,60.894358,2,55 MPH
33460,47.224196,0.5,55 MPH
33480,65.865326,0.5,55 MPH
33500,55.302019,3.5,55 MPH
33520,57.787503,5.5,55 MPH
33540,51.573793,2.5,55 MPH
33560,52.195164,2.5,55 MPH
33580,53.8107286,3.5,55 MPH
33600,52.816535,3.5,55 MPH
33620,54.059277,1,55 MPH
33640,54.059277,1,55 MPH
33660,57.166132,0.5,55 MPH
33680,56.7933094,3,55 MPH
33700,52.816535,3,55 MPH
33720,52.816535,3,55 MPH
33740,56.2340755,1.5,55 MPH
33760,54.059277,0.5,55 MPH
33780,57.07736471,4,55 MPH
33800,52.816535,2,55 MPH
33820,55.302019,0,55 MPH
33840,55.92339,6.5,55 MPH
33860,48.39789678,8.5,55 MPH
33880,50.0825026,4,55 MPH
33900,60.894358,0.5,55 MPH
33920,60.894358,0.5,55 MPH
33940,49.70968,7,55 MPH
33960,55.92339,3.5,55 MPH
33980,59.9623015,1,55 MPH
34000,57.787503,2,55 MPH
34020,57.787503,0.5,55 MPH
34040,55.92339,2,55 MPH
34060,52.195164,1,55 MPH
34080,52.195164,1,55 MPH
34100,49.70968,1,55 MPH
34120,49.70968,1,55 MPH
34140,55.09489533,1.5,55 MPH
34160,55.09489533,1.5,55 MPH
34180,55.92339,5.5,55 MPH
34200,55.92339,1,55 MPH
34220,55.302019,1,55 MPH
34240,55.92339,1,55 MPH
34280,55.92339,1,55 MPH
34300,55.92339,1,55 MPH
34320,56.27845914,5.5,55 MPH
34340,55.92339,2,55 MPH
34380,52.816535,2,55 MPH
34400,52.816535,2,55 MPH
34420,54.059277,2,55 MPH
34440,52.816535,0.5,55 MPH
34460,54.059277,4,55 MPH
34480,55.302019,1.5,55 MPH
34500,54.5563738,4,55 MPH
34520,54.5563738,4,55 MPH
34540,52.99406957,7,55 MPH
34560,50.952422,1,55 MPH
34580,52.816535,1.5,55 MPH
34600,59.030245,0.5,55 MPH
34620,54.88777167,3,55 MPH
34640,57.166132,3.5,55 MPH
34660,55.09489533,1.5,55 MPH
34680,58.61599767,2,55 MPH
34700,60.272987,2.5,55 MPH
34720,60.272987,2.5,55 MPH
34740,57.2904062,6.5,55 MPH
34760,55.302019,1,55 MPH
34780,52.195164,2,55 MPH
34800,56.75188467,2,55 MPH
34820,56.544761,3.5,55 MPH
34840,56.1719384,5,55 MPH
34860,54.1835512,4.5,55 MPH
34880,67.8537132,3.5,55 MPH
34900,63.0691565,1,55 MPH
34920,62.0128258,5,55 MPH
34940,65.15518771,6,55 MPH
34960,57.787503,7,55 MPH
34980,55.302019,1.5,55 MPH
35000,55.302019,1.5,55 MPH
35020,52.195164,3.5,55 MPH
35040,63.02477286,4.5,55 MPH
35060,57.63216025,2.5,55 MPH
35080,57.787503,3,55 MPH
35100,57.787503,3,55 MPH
35120,66.486697,3,55 MPH
35140,65.243955,1.5,55 MPH
35160,65.243955,1.5,55 MPH
35180,64.001213,2,55 MPH
35200,55.76804725,10.5,55 MPH
35220,63.45751338,10.5,55 MPH
35240,54.680648,8,55 MPH
35260,52.5058495,15,55 MPH
35280,54.9913335,5,55 MPH
35300,47.845567,4,55 MPH
35320,47.845567,0.5,55 MPH
35340,53.8107286,4.5,55 MPH
35360,53.8107286,4.5,55 MPH
35380,52.195164,1.5,55 MPH
35420,65.865326,1.5,55 MPH
35440,55.92339,1.5,55 MPH
35460,67.108068,1.5,55 MPH
35480,59.5273418,4,55 MPH
35500,55.302019,4,55 MPH
35520,57.166132,0.5,55 MPH
35540,59.030245,0.5,55 MPH
35560,59.030245,1,55 MPH
35580,61.72285267,3,55 MPH
35600,67.99574086,4.5,55 MPH
35660,63.379842,2,55 MPH
35680,72.700407,0.5,55 MPH
35700,60.36175429,6.5,55 MPH
35720,60.36175429,6.5,55 MPH
35740,57.99462667,2,55 MPH
35760,55.92339,3.5,55 MPH
35800,57.166132,0.5,55 MPH
35820,65.865326,0.5,55 MPH
35840,60.5836725,1,55 MPH
35860,58.61599767,2,55 MPH
35880,60.894358,4.5,55 MPH
35900,61.33819443,5,55 MPH
35920,55.92339,1.5,55 MPH
35940,55.92339,1.5,55 MPH
35980,59.9623015,3,55 MPH
36000,62.758471,0.5,55 MPH
36020,58.408874,1.5,55 MPH
36040,58.408874,1.5,55 MPH
36060,58.0360514,8.5,55 MPH
36080,55.65708814,9,55 MPH
36100,62.758471,0.5,55 MPH
36120,59.651616,1,55 MPH
36140,58.7816966,3.5,55 MPH
36180,55.302019,2,55 MPH
36220,64.41546033,2,55 MPH
36240,64.41546033,2,55 MPH
36260,55.92339,2.5,55 MPH
36280,61.515729,5.5,55 MPH
36300,57.787503,2,55 MPH
36340,55.302019,4.5,55 MPH
36360,54.059277,2.5,55 MPH
36380,54.059277,0.5,55 MPH
36400,55.14667625,6.5,55 MPH
36420,56.6690352,3.5,55 MPH
36440,54.059277,3.5,55 MPH
36460,54.059277,3.5,55 MPH
36480,58.5331482,3,55 MPH
36500,58.82312133,2,55 MPH
36520,57.166132,0.5,55 MPH
36540,57.166132,0.5,55 MPH
36560,57.94284575,3,55 MPH
36580,59.1545192,4.5,55 MPH
36600,59.651616,5,55 MPH
36620,59.651616,5,55 MPH
36640,54.059277,3.5,55 MPH
36660,58.20175033,2,55 MPH
36680,61.92997633,3.5,55 MPH
36700,59.1545192,4,55 MPH
36720,59.1545192,4,55 MPH
36740,61.36038625,4,55 MPH
36760,61.515729,3.5,55 MPH
36780,55.92339,2,55 MPH
36800,63.6905275,3,55 MPH
36820,60.272987,0.5,55 MPH
36840,60.272987,0.5,55 MPH
36860,61.515729,5.5,55 MPH
36900,59.9623015,3,55 MPH
36920,60.272987,2.5,55 MPH
36940,63.79408933,3.5,55 MPH
36960,59.3409305,4.5,55 MPH
36980,56.07873275,1,55 MPH
37000,57.166132,8.5,55 MPH
37020,57.166132,8.5,55 MPH
37040,59.030245,4.5,55 MPH
37060,52.195164,0.5,55 MPH
37080,59.38531414,5,55 MPH
37100,59.030245,3.5,55 MPH
37120,66.07244967,4.5,55 MPH
37140,63.6905275,3,55 MPH
37180,57.787503,4,55 MPH
37220,62.55134733,3.5,55 MPH
37240,56.6690352,7,55 MPH
37260,62.758471,5,55 MPH
37280,62.758471,5,55 MPH
37300,59.30640989,7.5,55 MPH
37320,53.1893576,7.5,55 MPH
37340,65.243955,4,55 MPH
37360,56.544761,1,55 MPH
37380,54.47352433,5.5,55 MPH
37400,57.4768175,2.5,55 MPH
37420,55.71626633,3.5,55 MPH
37440,57.787503,3.5,55 MPH
37460,60.272987,0.5,55 MPH
37480,65.865326,0.5,55 MPH
37500,65.94299738,7,55 MPH
37520,57.787503,0.5,55 MPH
37540,57.787503,0.5,55 MPH
37560,61.72285267,2,55 MPH
37580,57.166132,0.5,55 MPH
37620,60.894358,3,55 MPH
37640,59.7758902,6,55 MPH
37660,62.1371,6.5,55 MPH
37720,59.23736867,6,55 MPH
37740,59.23736867,6,55 MPH
37760,49.70968,3.5,55 MPH
37780,59.651616,1,55 MPH
37800,59.651616,1,55 MPH
37820,52.816535,3.5,55 MPH
37840,60.272987,3,55 MPH
37860,67.729439,1.5,55 MPH
37880,57.787503,0.5,55 MPH
37900,64.001213,2.5,55 MPH
37920,60.3972612,5,55 MPH
37940,60.6458096,5,55 MPH
37960,57.787503,0.5,55 MPH
37980,57.787503,0.5,55 MPH
38000,70.214923,0.5,55 MPH
38020,59.030245,0.5,55 MPH
38040,61.7642774,5,55 MPH
38060,52.816535,3,55 MPH
38080,52.816535,3,55 MPH
38100,57.166132,0.5,55 MPH
38120,57.166132,0.5,55 MPH
38140,67.729439,1,55 MPH
38160,70.214923,0.5,55 MPH
38180,60.272987,1,55 MPH
38200,60.272987,1,55 MPH
38220,64.4983098,5,55 MPH
38240,59.85873967,3.5,55 MPH
38260,60.272987,1.5,55 MPH
38300,59.31268636,8,55 MPH
38320,52.29872583,4.5,55 MPH
38360,49.70968,2,55 MPH
38380,56.544761,2,55 MPH
38400,49.70968,2,55 MPH
38420,52.195164,2,55 MPH
38440,56.75188467,1.5,55 MPH
38460,52.195164,0.5,55 MPH
38480,54.059277,1.5,55 MPH
38520,54.059277,2.5,55 MPH
38540,57.32147475,6.5,55 MPH
38580,60.11764425,2.5,55 MPH
38600,62.758471,0.5,55 MPH
38620,52.816535,1.5,55 MPH
38640,56.9175836,4,55 MPH
38660,60.272987,1,55 MPH
38680,56.544761,1,55 MPH
38700,53.3136318,5,55 MPH
38720,61.1429064,7,55 MPH
38740,68.35081,2.5,55 MPH
38760,68.35081,2.5,55 MPH
38780,62.758471,2,55 MPH
38820,52.195164,1,55 MPH
38860,65.865326,7,55 MPH
38880,49.70968,5,55 MPH
38900,60.5836725,11,55 MPH
38920,58.7195595,1.5,55 MPH
38940,49.088309,0.5,55 MPH
38960,59.7758902,7.5,55 MPH
38980,54.9913335,5.5,55 MPH
39000,54.9913335,1,55 MPH
39020,49.70968,1.5,55 MPH
39040,56.544761,2,55 MPH
39060,55.302019,0.5,55 MPH
39080,55.302019,3,55 MPH
39100,54.059277,1.5,55 MPH
39120,61.72285267,5,55 MPH
39140,57.787503,1.5,55 MPH
39160,60.272987,1,55 MPH
39200,62.4477855,3,55 MPH
39220,52.816535,5,55 MPH
39240,62.91381375,3,55 MPH
39260,54.059277,3,55 MPH
39280,54.9291964,3.5,55 MPH
39300,55.84571863,8,55 MPH
39320,59.4030676,8.5,55 MPH
39340,60.6458096,5.5,55 MPH
39360,57.37325567,2,55 MPH
39380,59.651616,2.5,55 MPH
39400,62.1371,1.5,55 MPH
39420,55.92339,3,55 MPH
39440,66.8595196,4.5,55 MPH
39460,60.5836725,2,55 MPH
39480,58.61599767,8.5,55 MPH
39500,54.059277,2,55 MPH
39520,59.651616,1.5,55 MPH
39540,57.58037933,1.5,55 MPH
39560,50.952422,1,55 MPH
39580,52.816535,1.5,55 MPH
39600,57.96503757,5.5,55 MPH
39620,64.001213,1.5,55 MPH
39640,59.651616,3.5,55 MPH
39660,66.69382067,2,55 MPH
39680,60.894358,1,55 MPH
39700,60.894358,1.5,55 MPH
39720,64.622584,4,55 MPH
39740,59.030245,2,55 MPH
39760,60.272987,11.5,55 MPH
39780,60.272987,1,55 MPH
39800,62.758471,2,55 MPH
39820,60.894358,5,55 MPH
39840,60.5836725,5.5,55 MPH
39860,56.70010375,6.5,55 MPH
39880,58.408874,2,55 MPH
39920,57.787503,3.5,55 MPH
39940,57.787503,0.5,55 MPH
39960,60.272987,2,55 MPH
39980,65.243955,1.5,55 MPH
40000,64.001213,1.5,55 MPH
40020,62.758471,3,55 MPH
40040,62.1371,3,55 MPH
40060,60.272987,5,55 MPH
40080,60.5836725,4,55 MPH
40100,57.0418578,9,55 MPH
40120,57.787503,4,55 MPH
40160,55.6748416,5.5,55 MPH
40180,57.4768175,3.5,55 MPH
40200,57.166132,1.5,55 MPH
40220,60.272987,0.5,55 MPH
40240,62.1371,0.5,55 MPH
40260,65.243955,1,55 MPH
40280,65.39929775,4,55 MPH
40300,65.243955,2,55 MPH
40320,67.729439,1.5,55 MPH
40340,65.865326,2,55 MPH
40360,62.758471,3.5,55 MPH
40380,60.894358,8,55 MPH
40400,62.1371,7.5,55 MPH
40420,61.2050435,3,55 MPH
40440,57.166132,2,55 MPH
40480,56.6690352,5.5,55 MPH
40500,59.030245,4.5,55 MPH
40520,54.059277,3,55 MPH
40540,60.272987,6,55 MPH
40560,66.7973825,3.5,55 MPH
40580,52.816535,1.5,55 MPH
40600,61.515729,6.5,55 MPH
40640,57.166132,0.5,55 MPH
40660,57.166132,0.5,55 MPH
40680,64.622584,4,55 MPH
40700,63.22449925,6,55 MPH
40720,59.030245,3.5,55 MPH
40740,52.816535,5.5,55 MPH
40760,52.816535,1.5,55 MPH
40800,52.816535,0.5,55 MPH
40820,54.3078254,4,55 MPH
40840,56.544761,2,55 MPH
40860,49.70968,3,55 MPH
40880,54.059277,0.5,55 MPH
40900,57.166132,1,55 MPH
40920,62.1371,7,55 MPH
40940,62.3856484,4,55 MPH
40960,62.04833271,5.5,55 MPH
41000,62.758471,8,55 MPH
41020,64.1254872,8.5,55 MPH
41040,52.195164,0.5,55 MPH
41060,50.952422,2,55 MPH
41080,52.195164,3,55 MPH
41100,54.9291964,4,55 MPH
41120,54.83599075,4,55 MPH
41140,58.0981885,5,55 MPH
41160,52.195164,3.5,55 MPH
41180,54.059277,1,55 MPH
41200,55.302019,2,55 MPH
41220,57.4146804,3.5,55 MPH
41240,57.787503,3,55 MPH
41260,60.272987,3,55 MPH
41280,62.4477855,2,55 MPH
41300,61.515729,8.5,55 MPH
41320,62.34422367,2.5,55 MPH
41340,57.6632288,6,55 MPH
41360,56.75188467,2,55 MPH
41380,56.10092457,8,55 MPH
41400,52.816535,3,55 MPH
41420,52.195164,1.5,55 MPH
41440,60.3972612,4.5,55 MPH
41460,64.2497614,3,55 MPH
41480,59.030245,1.5,55 MPH
41500,59.030245,2,55 MPH
41520,59.030245,1,55 MPH
41540,62.1371,2,55 MPH
41560,59.651616,7.5,55 MPH
41600,66.64203975,3.5,55 MPH
41620,55.1777448,3,55 MPH
41640,59.9623015,2.5,55 MPH
41660,52.816535,1,55 MPH
41680,54.680648,8.5,55 MPH
41700,47.224196,0.5,55 MPH
41720,49.088309,1.5,55 MPH
41740,54.059277,3.5,55 MPH
41760,53.9350028,5,55 MPH
41780,50.74529833,5,55 MPH
41800,50.53817467,2,55 MPH
41820,47.224196,1.5,55 MPH
41840,49.088309,1,55 MPH
41860,50.4553252,4,55 MPH
41880,49.70968,1.5,55 MPH
41900,59.651616,2.5,55 MPH
41920,55.302019,1.5,55 MPH
41940,59.651616,3.5,55 MPH
41960,59.030245,2.5,55 MPH
41980,60.894358,2,55 MPH
42000,65.865326,2,55 MPH
42020,65.243955,2,55 MPH
42040,64.77792675,2.5,55 MPH
42060,66.486697,4,55 MPH
42080,71.10259586,6,55 MPH
42100,65.243955,3,55 MPH
42140,55.92339,6.5,55 MPH
42160,57.166132,1.5,55 MPH
42180,63.17271833,1.5,55 MPH
42200,59.030245,2.5,55 MPH
42240,67.729439,7.5,55 MPH
42260,62.1371,2,55 MPH
42280,60.894358,0.5,55 MPH
42300,62.1371,1.5,55 MPH
42320,61.3914548,5,55 MPH
42340,64.9332695,1.5,55 MPH
42360,59.030245,2.5,55 MPH
42380,64.622584,2,55 MPH
42400,58.7195595,7.5,55 MPH
42420,59.030245,4.5,55 MPH
42440,55.03571714,10,55 MPH
42460,53.437906,2,55 MPH
42480,59.030245,0.5,55 MPH
42500,54.059277,4.5,55 MPH
42520,54.1835512,3.5,55 MPH
42540,55.92339,2,55 MPH
42560,58.76394314,7,55 MPH
42580,62.1371,1.5,55 MPH
42600,60.3972612,4,55 MPH
42620,60.894358,1,55 MPH
42640,60.894358,0.5,55 MPH
42660,59.85873967,3.5,55 MPH
42700,55.92339,3.5,55 MPH
42720,57.166132,2.5,55 MPH
42740,54.059277,4.5,55 MPH
42780,57.166132,2,55 MPH
42800,61.60449629,4.5,55 MPH
42820,60.13490456,10,55 MPH
42840,55.92339,0.5,55 MPH
42860,57.166132,0.5,55 MPH
42900,55.92339,1.5,55 MPH
42920,55.302019,1,55 MPH
42940,56.75188467,5,55 MPH
42960,58.6574224,5.5,55 MPH
42980,57.166132,0.5,55 MPH
43000,59.030245,1,55 MPH
43020,60.272987,1.5,55 MPH
43040,59.030245,1.5,55 MPH
43060,60.272987,1.5,55 MPH
43100,60.272987,4,55 MPH
43120,59.030245,1.5,55 MPH
43140,57.787503,2,55 MPH
43160,61.515729,1,55 MPH
43180,59.18558775,3,55 MPH
43200,55.302019,3,55 MPH
43220,55.302019,3,55 MPH
43240,61.8264145,7,55 MPH
43260,63.58696567,7,55 MPH
43280,60.272987,7,55 MPH
43300,60.48011067,5,55 MPH
43320,59.030245,1.5,55 MPH
43340,65.03683133,2.5,55 MPH
43360,66.84176614,5,55 MPH
43380,67.729439,4.5,55 MPH
43400,63.6905275,8,55 MPH
43420,62.758471,2.5,55 MPH
43440,55.92339,7.5,55 MPH
43460,59.9623015,3.5,55 MPH
43480,61.30860533,1.5,55 MPH
43500,59.44449233,6,55 MPH
43520,67.108068,0.5,55 MPH
43540,53.7485915,10,55 MPH
43560,58.0981885,3,55 MPH
43580,49.088309,4,55 MPH
43600,54.9913335,8.5,55 MPH
43620,47.845567,1,55 MPH
43640,49.088309,1.5,55 MPH
43660,50.952422,0.5,55 MPH
43680,55.6127045,1,55 MPH
43700,57.2904062,3.5,55 MPH
43720,57.166132,4.5,55 MPH
43740,57.787503,0.5,55 MPH
43760,57.166132,4,55 MPH
43780,60.272987,1.5,55 MPH
43800,55.7991158,4.5,55 MPH
43820,50.952422,4,55 MPH
43840,54.47352433,4,55 MPH
43860,59.9623015,3.5,55 MPH
43880,58.61599767,2,55 MPH
43900,55.302019,1,55 MPH
43920,60.5836725,4.5,55 MPH
43940,59.030245,1.5,55 MPH
43960,59.030245,3,55 MPH
43980,59.1545192,4,55 MPH
44000,63.379842,2.5,55 MPH
44020,55.92339,2.5,55 MPH
44040,64.622584,1,55 MPH
44060,62.1371,2.5,55 MPH
44080,59.74038329,7.5,55 MPH
44100,57.787503,1.5,55 MPH
44120,57.787503,2.5,55 MPH
44140,59.030245,2,55 MPH
44160,60.272987,4.5,55 MPH
44180,62.40340186,8,55 MPH
44200,57.787503,2,55 MPH
44220,60.272987,4.5,55 MPH
44240,61.72285267,8,55 MPH
44260,61.04970075,3,55 MPH
44280,57.787503,0.5,55 MPH
44300,57.166132,4.5,55 MPH
44320,57.787503,0.5,55 MPH
44340,57.166132,1,55 MPH
44360,53.8107286,8.5,55 MPH
44380,57.787503,3.5,55 MPH
44400,52.816535,2,55 MPH
44420,54.059277,1.5,55 MPH
44440,50.7038736,6,55 MPH
44460,49.088309,1.5,55 MPH
44480,49.70968,1,55 MPH
44500,50.952422,2,55 MPH
44520,54.14804429,8.5,55 MPH
44540,59.44449233,10.5,55 MPH
44560,55.92339,2.5,55 MPH
44580,59.3409305,2.5,55 MPH
44600,58.0981885,3.5,55 MPH
44620,55.76804725,7.5,55 MPH
44640,57.99462667,6,55 MPH
44660,59.651616,3,55 MPH
44680,61.515729,5.5,55 MPH
44700,55.4262932,6,55 MPH
44720,57.787503,1.5,55 MPH
44740,61.515729,5,55 MPH
44760,60.894358,4,55 MPH
44780,58.30531217,6,55 MPH
44800,57.166132,1.5,55 MPH
44820,55.92339,0.5,55 MPH
44840,52.816535,4,55 MPH
44860,56.95900833,12,55 MPH
44880,58.0981885,10.5,55 MPH
44900,54.680648,8,55 MPH
44920,55.14667625,10,55 MPH
44940,54.059277,2.5,55 MPH
44960,60.68723433,2,55 MPH
44980,60.272987,2,55 MPH
45000,61.16065986,8.5,55 MPH
45020,59.9623015,6,55 MPH
45040,60.894358,1.5,55 MPH
45060,60.894358,3,55 MPH
45080,55.92339,7,55 MPH
45100,58.82312133,8,55 MPH
45120,59.651616,3.5,55 MPH
45140,57.166132,5,55 MPH
45160,60.894358,4.5,55 MPH
45200,57.787503,5.5,55 MPH
45220,52.816535,1,55 MPH
45240,58.0981885,2.5,55 MPH
45260,52.09160217,4,55 MPH
45280,52.195164,2,55 MPH
45300,49.70968,4,55 MPH
45320,59.9001644,4.5,55 MPH
45340,60.272987,3.5,55 MPH
45360,62.1371,8,55 MPH
45380,64.9332695,3,55 MPH
45400,61.6400032,5,55 MPH
45420,59.651616,2.5,55 MPH
45440,55.92339,0.5,55 MPH
45460,58.87490225,3,55 MPH
45480,61.515729,4.5,55 MPH
45500,61.8264145,7,55 MPH
45520,59.3409305,6.5,55 MPH
45540,59.030245,3,55 MPH
45560,60.272987,2,55 MPH
45580,57.166132,2,55 MPH
45620,55.302019,3,55 MPH
45640,62.3856484,3,55 MPH
45660,57.166132,1.5,55 MPH
45680,54.059277,5.5,55 MPH
45700,52.195164,3,55 MPH
45720,52.816535,0.5,55 MPH
45740,57.4146804,3.5,55 MPH
45760,55.302019,4.5,55 MPH
45780,57.4768175,3,55 MPH
45800,61.2050435,3,55 MPH
45820,60.894358,1.5,55 MPH
45840,63.8769388,3.5,55 MPH
45860,65.243955,4.5,55 MPH
45880,65.45107867,2.5,55 MPH
45900,64.001213,1.5,55 MPH
45920,64.9954066,6,55 MPH
45940,62.758471,3.5,55 MPH
45960,58.408874,4.5,55 MPH
45980,54.059277,2,55 MPH
46000,52.816535,0.5,55 MPH
46020,52.816535,1,55 MPH
46040,52.195164,3,55 MPH
46060,57.166132,4.5,55 MPH
46080,63.17271833,1.5,55 MPH
46100,60.894358,2.5,55 MPH
46120,64.622584,3,55 MPH
46140,64.20833667,3,55 MPH
46160,60.272987,2.5,55 MPH
46180,62.758471,8,55 MPH
46200,52.816535,3.5,55 MPH
46220,56.2962126,6.5,55 MPH
46240,58.56421675,2.5,55 MPH
46260,55.92339,3,55 MPH
46280,64.001213,5,55 MPH
46300,66.27957333,3.5,55 MPH
46320,61.3914548,5,55 MPH
46360,57.787503,1.5,55 MPH
46380,59.030245,3.5,55 MPH
46400,55.7991158,5.5,55 MPH
46420,54.059277,0.5,55 MPH
46440,58.5331482,5,55 MPH
46460,59.2787934,4.5,55 MPH
46480,59.3409305,4,55 MPH
46500,55.47955357,8.5,55 MPH
46520,49.70968,2,55 MPH
46540,52.97187775,2.5,55 MPH
46560,56.544761,5,55 MPH
46580,56.13051367,4,55 MPH
46600,55.92339,2,55 MPH
46620,55.302019,1,55 MPH
46640,59.3409305,1,55 MPH
46660,62.1371,1,55 MPH
46680,62.1371,3,55 MPH
46700,62.1371,2,55 MPH
46720,62.1371,4,55 MPH
46740,56.44119917,11.5,55 MPH
46760,55.92339,2,55 MPH
46780,52.5679866,6.5,55 MPH
46800,57.63216025,7.5,55 MPH
46820,53.79297514,7,55 MPH
46840,55.6127045,3,55 MPH
46860,55.0534706,7,55 MPH
46900,55.92339,4,55 MPH
46920,52.195164,1,55 MPH
46940,52.195164,2.5,55 MPH
46960,54.059277,3,55 MPH
46980,57.787503,8.5,55 MPH
47000,57.787503,1,55 MPH
47020,56.9175836,5.5,55 MPH
47040,52.195164,11,55 MPH
47060,50.74529833,7.5,55 MPH
47080,55.5505674,5.5,55 MPH
47100,50.2067768,3.5,55 MPH
47120,50.952422,1.5,55 MPH
47140,55.302019,1.5,55 MPH
47160,62.1371,1,55 MPH
47180,57.787503,2,55 MPH
47200,60.272987,2,55 MPH
47220,60.272987,3,55 MPH
47240,59.44449233,4,55 MPH
47260,55.12448443,7,55 MPH
47280,56.544761,3.5,55 MPH
47300,52.6922608,12.5,55 MPH
47320,47.224196,2,55 MPH
47340,53.64502967,2.5,55 MPH
47360,53.34913871,6.5,55 MPH
47380,54.059277,2.5,55 MPH
47400,57.166132,2.5,55 MPH
47420,56.544761,4,55 MPH
47440,55.302019,1,55 MPH
47500,55.92339,0.5,55 MPH
47520,57.787503,1.5,55 MPH
47540,59.030245,2.5,55 MPH
47560,55.92339,7.5,55 MPH
47580,57.166132,0.5,55 MPH
47600,57.787503,2.5,55 MPH
47620,55.92339,3.5,55 MPH
47640,54.88777167,4.5,55 MPH
47660,52.5058495,4,55 MPH
47680,52.0708898,7,55 MPH
47700,50.952422,5,55 MPH
47720,51.6980672,4.5,55 MPH
47740,50.6417365,4,55 MPH
47760,50.952422,0.5,55 MPH
47780,55.47955357,7.5,55 MPH
47800,57.166132,3.5,55 MPH
47820,56.70010375,2.5,55 MPH
47860,58.408874,2,55 MPH
47880,57.4768175,5.5,55 MPH
47900,60.894358,4,55 MPH
47920,56.544761,1.5,55 MPH
47940,57.32147475,7,55 MPH
47960,52.195164,0.5,55 MPH
47980,49.088309,4.5,55 MPH
48000,49.24365175,5.5,55 MPH
48020,49.24365175,3,55 MPH
48040,47.224196,0.5,55 MPH
48080,45.981454,0.5,55 MPH
48100,47.845567,3,55 MPH
48120,49.70968,0.5,55 MPH
48140,58.82312133,6.5,55 MPH
48160,56.95900833,4,55 MPH
48180,55.302019,6,55 MPH
48200,55.14667625,4.5,55 MPH
48220,55.302019,3,55 MPH
48240,54.059277,4.5,55 MPH
48260,54.47352433,4.5,55 MPH
48280,54.88777167,2,55 MPH
48300,49.70968,6.5,55 MPH
48320,53.437906,5.5,55 MPH
48340,50.952422,4,55 MPH
48360,52.5058495,2,55 MPH
48380,54.94694986,5.5,55 MPH
48400,57.787503,3.5,55 MPH
48420,55.76804725,5,55 MPH
48440,54.83599075,7,55 MPH
48460,47.1620589,13,55 MPH
48480,44.738712,5.5,55 MPH
48500,52.195164,3,55 MPH
48520,55.5505674,3.5,55 MPH
48540,58.7816966,4,55 MPH
48560,60.73901525,4.5,55 MPH
48580,56.33763733,9,55 MPH
48600,58.79723088,7.5,55 MPH
48620,55.14667625,3.5,55 MPH
48640,52.195164,2,55 MPH
48660,54.21461975,5,55 MPH
48680,50.952422,3,55 MPH
48700,57.166132,2,55 MPH
48720,59.030245,0.5,55 MPH
48740,62.758471,10,55 MPH
48760,62.04833271,5,55 MPH
48780,55.302019,2,55 MPH
48800,55.92339,1,55 MPH
48820,56.02695183,4.5,55 MPH
48860,55.92339,3.5,55 MPH
48880,59.030245,3,55 MPH
48900,60.894358,3.5,55 MPH
48920,61.2671806,7,55 MPH
48940,55.92339,11.5,55 MPH
48960,49.88721457,9,55 MPH
48980,49.088309,0,55 MPH
49000,52.195164,5.5,55 MPH
49020,49.088309,1.5,55 MPH
49060,51.10776475,4,55 MPH
49080,52.816535,1.5,55 MPH
49100,54.680648,5,55 MPH
49120,50.952422,1.5,55 MPH
49140,54.059277,1.5,55 MPH
49160,54.21461975,7,55 MPH
49180,54.059277,0.5,55 MPH
49200,58.408874,3,55 MPH
49220,58.2845998,4.5,55 MPH
49240,57.787503,6.5,55 MPH
49260,56.544761,2,55 MPH
49280,60.272987,2,55 MPH
49300,60.80559071,9,55 MPH
49320,54.88777167,6.5,55 MPH
49340,53.8107286,6,55 MPH
49360,54.059277,1,55 MPH
49400,54.059277,3.5,55 MPH
49420,54.059277,4.5,55 MPH
49440,60.272987,2.5,55 MPH
49460,55.302019,4.5,55 MPH
49480,54.47352433,9.5,55 MPH
49500,57.166132,4.5,55 MPH
49520,57.787503,1.5,55 MPH
49540,57.787503,1.5,55 MPH
49560,59.651616,4,55 MPH
49580,62.758471,3,55 MPH
49600,58.408874,6,55 MPH
49640,60.894358,0.5,55 MPH
49660,57.43243386,6,55 MPH
49680,57.58037933,5,55 MPH
49700,57.166132,4,55 MPH
49720,57.787503,0.5,55 MPH
49740,55.5505674,6,55 MPH
49760,57.166132,6,55 MPH
49780,56.89983014,10.5,55 MPH
49800,57.166132,3.5,55 MPH
49820,57.787503,0.5,55 MPH
49840,59.030245,3,55 MPH
49860,59.030245,2,55 MPH
49880,57.787503,1,55 MPH
49900,62.1371,1,55 MPH
49920,62.758471,1.5,55 MPH
49940,62.1371,3.5,55 MPH
49960,62.1371,0.5,55 MPH
49980,60.894358,2.5,55 MPH
50020,59.030245,4,55 MPH
50040,55.92339,9,55 MPH
50060,49.088309,5,55 MPH
50080,50.0203655,6,55 MPH
50100,44.738712,1,55 MPH
50120,44.738712,3,55 MPH
50140,49.088309,2.5,55 MPH
50160,49.70968,4.5,55 MPH
50180,55.92339,4.5,55 MPH
50200,59.030245,5,55 MPH
50220,60.272987,0.5,55 MPH
50240,60.272987,3.5,55 MPH
50260,59.29654686,10,55 MPH
50280,60.272987,2.5,55 MPH
50300,60.11764425,3.5,55 MPH
50320,57.166132,3.5,55 MPH
50340,55.92339,1.5,55 MPH
50360,54.059277,3,55 MPH
50380,50.952422,4,55 MPH
50400,52.5058495,5,55 MPH
50420,54.88777167,7,55 MPH
50440,52.816535,0.5,55 MPH
50460,52.816535,0.5,55 MPH
50480,54.059277,0.5,55 MPH
50500,55.302019,1,55 MPH
50520,60.272987,8,55 MPH
50540,60.894358,0.5,55 MPH
50560,60.272987,5.5,55 MPH
50580,58.14257214,6,55 MPH
50600,55.302019,2.5,55 MPH
50620,52.5058495,5.5,55 MPH
50640,53.54146783,5.5,55 MPH
50660,52.816535,9,55 MPH
50680,52.816535,2.5,55 MPH
50700,53.64502967,5,55 MPH
50720,53.64502967,2.5,55 MPH
50740,50.6417365,6.5,55 MPH
50760,47.845567,3,55 MPH
50780,52.816535,1.5,55 MPH
50800,49.088309,8,55 MPH
50820,52.195164,1,55 MPH
50840,54.3699625,7,55 MPH
50860,52.195164,3,55 MPH
50880,50.952422,1,55 MPH
50900,55.92339,3.5,55 MPH
50920,52.195164,6.5,55 MPH
50940,50.952422,1.5,55 MPH
50960,54.059277,3,55 MPH
51000,52.195164,0.5,55 MPH
51020,51.48502571,8,55 MPH
51040,47.224196,7,55 MPH
51060,44.117341,2.5,55 MPH
51080,44.117341,1,55 MPH
51100,48.67406167,5.5,55 MPH
51120,49.25777382,9.5,55 MPH
51140,50.12392733,3.5,55 MPH
51160,49.70968,0.5,55 MPH
51180,51.2631075,3,55 MPH
51200,53.59324875,6,55 MPH
51220,55.7991158,5.5,55 MPH
51240,59.030245,2.5,55 MPH
51260,60.272987,1,55 MPH
51280,59.030245,3.5,55 MPH
51300,59.030245,0.5,55 MPH
51320,52.816535,8,55 MPH
51340,52.01762943,6,55 MPH
51360,53.78311211,10,55 MPH
51380,47.224196,2.5,55 MPH
51400,53.9350028,4.5,55 MPH
51420,54.3078254,6.5,55 MPH
51440,50.952422,9.5,55 MPH
51460,55.71626633,2,55 MPH
51500,49.70968,1.5,55 MPH
51520,47.845567,3.5,55 MPH
51540,51.98804033,0.5,55 MPH
51560,67.729439,0.5,55 MPH
51580,57.787503,1,55 MPH
51600,58.9059708,3.5,55 MPH
51620,54.059277,6,55 MPH
51640,55.302019,1,55 MPH
51660,60.5836725,4.5,55 MPH
51680,62.55134733,6,55 MPH
51700,55.92339,2.5,55 MPH
51740,55.302019,1.5,55 MPH
51760,64.80011857,6,55 MPH
51780,57.787503,5.5,55 MPH
51800,54.059277,3.5,55 MPH
51820,54.059277,1.5,55 MPH
51840,63.02477286,7.5,55 MPH
51860,56.45599371,5,55 MPH
51880,57.166132,2.5,55 MPH
51920,65.3682292,6,55 MPH
51940,60.48011067,5,55 MPH
51960,55.92339,0.5,55 MPH
51980,59.651616,4.5,55 MPH
52000,57.166132,1.5,55 MPH
52020,57.787503,3.5,55 MPH
52040,60.272987,0.5,55 MPH
52060,57.787503,0.5,55 MPH
52080,59.030245,0.5,55 MPH
52100,62.758471,5,55 MPH
52120,64.001213,2.5,55 MPH
52140,59.651616,6.5,55 MPH
52160,55.6748416,4,55 MPH
52180,52.816535,2.5,55 MPH
52200,55.302019,0.5,55 MPH
52220,60.5836725,2,55 MPH
52240,56.8554465,4,55 MPH
52280,55.0534706,5.5,55 MPH
52300,59.651616,1,55 MPH
52320,55.302019,7,55 MPH
52340,50.17570825,8,55 MPH
52360,42.874599,6.5,55 MPH
52380,51.8844785,6,55 MPH
52400,51.8844785,4,55 MPH
52420,47.37953875,5.5,55 MPH
52440,50.331051,2,55 MPH
52460,53.437906,2,55 MPH
52480,54.059277,4.5,55 MPH
52500,47.845567,0.5,55 MPH
52540,47.224196,1,55 MPH
52560,50.952422,1.5,55 MPH
52580,49.70968,4.5,55 MPH
52600,54.059277,8,55 MPH
52620,47.224196,0.5,55 MPH
52640,49.088309,3.5,55 MPH
52660,55.302019,4,55 MPH
52680,57.63216025,6.5,55 MPH
52700,52.35050675,6.5,55 MPH
52720,60.272987,2.5,55 MPH
52740,59.030245,3.5,55 MPH
52760,50.952422,0.5,55 MPH
52780,57.787503,4,55 MPH
52840,55.302019,0.5,55 MPH
52880,61.10148167,5,55 MPH
52920,60.272987,4,55 MPH
52940,55.92339,2.5,55 MPH
52960,62.4477855,2.5,55 MPH
53000,60.894358,4,55 MPH
53020,60.5836725,1.5,55 MPH
53040,57.166132,2,55 MPH
53060,52.195164,0.5,55 MPH
53080,56.10092457,6,55 MPH
53100,58.7195595,9.5,55 MPH
53120,56.2340755,11,55 MPH
53140,47.4727444,14.5,55 MPH
53160,44.738712,6.5,55 MPH
53180,45.56720667,2.5,55 MPH
53200,45.56720667,2.5,55 MPH
53220,45.51542575,4.5,55 MPH
53240,44.738712,0.5,55 MPH
53260,44.738712,2,55 MPH
53280,45.981454,1,55 MPH
53300,50.952422,1.5,55 MPH
53320,54.059277,1.5,55 MPH
53340,55.92339,2,55 MPH
53360,56.70010375,3.5,55 MPH
53380,54.47352433,4,55 MPH
53400,56.544761,6,55 MPH
53420,55.92339,2,55 MPH
53440,59.030245,3,55 MPH
53460,59.651616,2.5,55 MPH
53480,60.894358,1.5,55 MPH
53500,60.272987,1.5,55 MPH
53520,60.272987,0.5,55 MPH
53540,60.894358,3,55 MPH
53560,58.20175033,2.5,55 MPH
53580,52.816535,6.5,55 MPH
53600,54.680648,3,55 MPH
53620,55.71626633,2.5,55 MPH
53640,62.758471,0.5,55 MPH
53660,49.088309,2,55 MPH
53700,52.40228767,6,55 MPH
53720,54.9913335,9.5,55 MPH
53740,45.42912422,13.5,55 MPH
53760,50.952422,3.5,55 MPH
53800,48.466938,4,55 MPH
53820,46.9135105,7.5,55 MPH
53840,48.466938,4.5,55 MPH
53860,57.787503,3,55 MPH
53880,37.903631,2,55 MPH
53900,46.8513734,4.5,55 MPH
53920,47.01707233,3.5,55 MPH
53940,47.01707233,2.5,55 MPH
53960,44.117341,1,55 MPH
53980,45.981454,1,55 MPH
54000,52.37269857,5,55 MPH
54020,52.37269857,5,55 MPH
54040,52.816535,6,55 MPH
54060,50.2067768,11,55 MPH
54080,50.0203655,4.5,55 MPH
54100,50.7038736,14.5,55 MPH
54120,47.224196,6.5,55 MPH
54140,46.24775586,7,55 MPH
54160,47.224196,1.5,55 MPH
54180,49.70968,4.5,55 MPH
54200,50.952422,4,55 MPH
54240,53.7485915,4.5,55 MPH
54260,55.71626633,5,55 MPH
54280,54.52530525,4,55 MPH
54300,48.64447257,10,55 MPH
54320,49.26584357,7,45 MPH
54340,49.088309,0.5,45 MPH
54380,50.0203655,2.5,45 MPH
54400,54.59188071,8,45 MPH
54420,55.92339,5,45 MPH
54440,54.680648,8,45 MPH
54460,53.1272205,4.5,45 MPH
54480,52.816535,0.5,45 MPH
54500,48.62228075,6,45 MPH
54520,47.845567,2,45 MPH
54540,53.1272205,2.5,45 MPH
54560,51.78091667,2.5,45 MPH
54580,56.544761,3,45 MPH
54600,52.816535,1.5,45 MPH
54620,60.894358,0.5,55 MPH
54640,56.544761,3.5,55 MPH
54660,57.166132,5,55 MPH
54680,55.92339,1,55 MPH
54700,57.60996843,8,55 MPH
54720,57.58037933,4,55 MPH
54740,59.4030676,4.5,55 MPH
54780,57.787503,3,55 MPH
54800,60.272987,5,55 MPH
54820,60.272987,0.5,55 MPH
54840,61.515729,4,55 MPH
54860,62.758471,7.5,55 MPH
54880,59.651616,3.5,55 MPH
54900,59.11901229,5.5,55 MPH
54920,52.816535,2,55 MPH
54940,52.816535,2,55 MPH
54960,62.4477855,2,55 MPH
54980,57.166132,3,55 MPH
55000,57.787503,2.5,55 MPH
55020,57.787503,2.5,55 MPH
55040,63.79408933,4.5,55 MPH
55060,60.42832975,2.5,55 MPH
55080,58.61599767,4,55 MPH
55100,52.816535,1,55 MPH
55120,64.3118985,2.5,55 MPH
55140,57.787503,2,55 MPH
55160,57.787503,0.5,55 MPH
55180,59.80695875,4.5,55 MPH
55200,64.622584,3,55 MPH
55220,62.4477855,2,55 MPH
55240,57.787503,0.5,55 MPH
55260,64.9332695,1.5,55 MPH
55280,59.93405736,13.5,55 MPH
55300,57.39914613,9,55 MPH
55340,57.787503,6,55 MPH
55360,57.0418578,5,55 MPH
55380,52.97187775,7,55 MPH
55400,55.7991158,3,55 MPH
55420,52.816535,5,55 MPH
55440,54.59188071,7,55 MPH
55460,57.2904062,6.5,55 MPH
55480,57.787503,2,55 MPH
55500,57.60996843,9.5,55 MPH
55520,56.8554465,2.5,55 MPH
55540,58.408874,4,55 MPH
55560,55.302019,3.5,55 MPH
55580,63.84587025,4,55 MPH
55600,52.195164,1.5,55 MPH
55620,54.83599075,4.5,55 MPH
55640,61.2050435,3,55 MPH
55660,52.816535,2,55 MPH
55680,57.37325567,2,55 MPH
55700,59.99682211,11,55 MPH
55720,55.50914267,1.5,55 MPH
55740,59.85873967,2.5,55 MPH
55760,56.98859743,6,55 MPH
55780,65.03683133,2,55 MPH
55800,61.2671806,3.5,55 MPH
55820,63.7526646,4,55 MPH
55840,64.001213,2,55 MPH
55860,62.91381375,4,55 MPH
55880,72.700407,0.5,55 MPH
55900,64.001213,3,55 MPH
55960,68.0401245,2.5,55 MPH
55980,68.6614955,2.5,55 MPH
56000,60.1487128,7,55 MPH
56020,61.30860533,4.5,55 MPH
56040,63.45751338,8,55 MPH
56060,57.166132,0.5,55 MPH
56080,64.622584,2,55 MPH
56100,66.1760115,3.5,55 MPH
56120,67.26341075,3,55 MPH
56140,70.214923,7.5,55 MPH
56160,73.52890167,2,55 MPH
56180,63.17271833,5.5,55 MPH
56200,61.515729,5,55 MPH
56220,57.166132,5.5,55 MPH
56240,67.108068,0.5,55 MPH
56260,57.166132,2,55 MPH
56280,54.059277,1,55 MPH
56300,63.84587025,2,55 MPH
56320,63.22449925,2.5,55 MPH
56340,59.1545192,5.5,55 MPH
56360,59.030245,2.5,55 MPH
56380,60.894358,5,55 MPH
56400,62.758471,3,55 MPH
56420,62.758471,4.5,55 MPH
56440,63.2555678,4.5,55 MPH
56460,67.3566164,4,55 MPH
56480,57.787503,2.5,55 MPH
56500,57.166132,2,55 MPH
56520,55.92339,2,55 MPH
56540,60.272987,1.5,55 MPH
56560,62.758471,6,55 MPH
56580,62.1371,2,55 MPH
56600,66.1760115,2,55 MPH
56620,62.1371,1.5,55 MPH
56640,62.40340186,5.5,55 MPH
56660,67.729439,1,55 MPH
56680,67.2323422,3.5,55 MPH
56700,62.758471,7,55 MPH
56720,65.243955,6.5,55 MPH
56740,60.894358,3,55 MPH
56760,64.622584,1,55 MPH
56780,55.92339,1.5,55 MPH
56800,59.030245,3.5,55 MPH
56820,62.1371,1,55 MPH
56840,67.4187535,2.5,55 MPH
56860,66.07244967,3,55 MPH
56880,64.622584,3,55 MPH
56900,68.6614955,3.5,55 MPH
56920,67.108068,1.5,55 MPH
56940,68.35081,1.5,55 MPH
56960,62.1371,1.5,55 MPH
56980,62.758471,0.5,55 MPH
57000,60.894358,4,55 MPH
57020,65.14039317,7.5,55 MPH
57040,70.7120198,2.5,70 MPH
57060,64.001213,1.5,70 MPH
57080,69.593552,2.5,70 MPH
57100,57.787503,1.5,70 MPH
57120,57.787503,0.5,70 MPH
57140,57.166132,4,70 MPH
57160,67.729439,3,70 MPH
57180,69.80067567,2,70 MPH
57200,57.166132,3,70 MPH
57220,61.92997633,2,70 MPH
57240,60.09545243,8,55 MPH
57260,53.0650834,4,55 MPH
57280,62.2613742,7.5,55 MPH
57300,58.0981885,3,55 MPH
57320,44.117341,4,55 MPH
57340,42.874599,0.5,55 MPH
57360,44.117341,1.5,55 MPH
57380,45.981454,0.5,55 MPH
57400,57.37325567,2,55 MPH
57420,49.70968,0.5,55 MPH
57440,50.952422,0.5,55 MPH
57460,50.952422,0.5,55 MPH
57480,65.51025686,6,55 MPH
57500,57.166132,9,55 MPH
57520,57.166132,8,55 MPH
57540,50.952422,0.5,55 MPH
57560,58.7816966,3.5,55 MPH
57580,52.99406957,6,55 MPH
57600,54.47352433,2,55 MPH
57640,52.816535,2.5,55 MPH
57660,59.651616,5,55 MPH
57680,67.108068,0.5,55 MPH
57700,54.1835512,7.5,55 MPH
57720,52.816535,3,55 MPH
57740,59.49627325,2.5,55 MPH
57760,64.3118985,2.5,55 MPH
57780,55.92339,6,55 MPH
57800,61.515729,3,55 MPH
57820,75.185891,2,55 MPH
57840,57.787503,1.5,55 MPH
57860,65.5546405,7,55 MPH
57880,54.059277,4.5,55 MPH
57900,54.059277,0.5,55 MPH
57920,63.379842,1.5,55 MPH
57940,63.1312936,5.5,55 MPH
57960,62.758471,4,55 MPH
57980,64.001213,3,55 MPH
58000,57.166132,1.5,55 MPH
58020,61.515729,2.5,55 MPH
58040,62.758471,2,55 MPH
58060,60.272987,5,55 MPH
58080,60.7700838,5.5,55 MPH
58100,57.4768175,6.5,55 MPH
58120,57.787503,1,55 MPH
58140,53.97050971,8,55 MPH
58160,59.030245,0.5,55 MPH
58180,63.2555678,3.5,55 MPH
58200,47.224196,3,55 MPH
58220,56.2340755,12,55 MPH
58240,59.9623015,4,55 MPH
58260,56.33763733,3.5,55 MPH
58280,55.4262932,5,55 MPH
58300,53.7485915,2.5,55 MPH
58340,54.9913335,3,55 MPH
58360,57.2904062,3.5,55 MPH
58380,57.787503,1.5,55 MPH
58400,66.486697,1.5,55 MPH
58420,60.894358,4,55 MPH
58440,60.894358,2,55 MPH
58460,60.6458096,4.5,55 MPH
58480,55.302019,1.5,55 MPH
58500,55.83462271,7.5,55 MPH
58520,55.45736175,5,55 MPH
58540,54.059277,2.5,55 MPH
58560,57.787503,1,55 MPH
58580,60.73901525,3,55 MPH
58600,59.030245,1,55 MPH
58620,57.787503,2,55 MPH
58640,62.1371,0.5,55 MPH
58660,65.9896002,3.5,55 MPH
58680,65.45107867,2,55 MPH
58700,64.001213,5.5,55 MPH
58720,61.92997633,2,55 MPH
58740,57.787503,0.5,55 MPH
58760,62.1371,2,55 MPH
58780,59.651616,9,55 MPH
58800,54.94694986,7.5,55 MPH
58820,49.70968,2,55 MPH
58840,50.952422,0.5,55 MPH
58860,52.816535,0.5,55 MPH
58880,59.030245,4,55 MPH
58900,61.515729,2.5,55 MPH
58920,52.816535,1,55 MPH
58940,58.0981885,1.5,55 MPH
58960,56.544761,2.5,55 MPH
58980,55.302019,2,55 MPH
59000,55.92339,0.5,55 MPH
59020,58.408874,5,55 MPH
59040,57.94284575,2.5,55 MPH
59060,55.92339,5,55 MPH
59080,59.26325913,10.5,55 MPH
59100,54.059277,6,55 MPH
59120,62.758471,3,55 MPH
59140,61.515729,2.5,55 MPH
59160,70.214923,1,55 MPH
59180,61.3914548,2.5,55 MPH
59200,57.63216025,4.5,55 MPH
59240,52.195164,0.5,55 MPH
59280,61.2050435,6.5,55 MPH
59300,55.302019,0.5,55 MPH
59320,70.214923,1,55 MPH
59340,60.894358,4,55 MPH
59360,61.72285267,3.5,55 MPH
59380,57.787503,2.5,55 MPH
59400,57.166132,0.5,55 MPH
59420,58.408874,4,55 MPH
59440,61.10148167,7,55 MPH
59460,56.8554465,3.5,55 MPH
59480,61.515729,2.5,55 MPH
59500,56.544761,1.5,55 MPH
59520,55.92339,2.5,55 MPH
59560,67.108068,1.5,55 MPH
59580,59.651616,11.5,55 MPH
59600,62.2613742,3.5,55 MPH
59640,60.5836725,3,55 MPH
59660,64.72614583,5,55 MPH
59680,57.4768175,8,55 MPH
59700,54.47352433,2.5,55 MPH
59720,53.23078233,3,55 MPH
59740,61.515729,2,55 MPH
59760,63.0691565,4,55 MPH
59780,54.94694986,9,55 MPH
59800,44.738712,1.5,55 MPH
59840,50.952422,3.5,55 MPH
59860,58.0981885,2.5,55 MPH
59880,58.408874,3.5,55 MPH
59920,54.059277,1,55 MPH
59940,59.9623015,1,55 MPH
59960,55.302019,2.5,55 MPH
59980,59.23736867,3.5,55 MPH
60000,55.92339,0.5,55 MPH
60020,70.214923,0.5,55 MPH
60040,59.030245,1.5,55 MPH
60060,52.816535,5,55 MPH
60080,63.6905275,1.5,55 MPH
60120,61.8264145,4.5,55 MPH
60140,60.272987,1,55 MPH
60160,58.408874,2,55 MPH
60180,67.729439,1,55 MPH
60220,55.302019,1,55 MPH
60240,54.059277,0,55 MPH
60260,57.787503,0.5,55 MPH
60280,59.651616,4,55 MPH
60300,60.5836725,3,55 MPH
60320,66.69382067,2,55 MPH
60340,55.92339,2.5,55 MPH
60360,55.92339,1,55 MPH
60380,61.7642774,3.5,55 MPH
60400,54.9913335,6,55 MPH
60420,50.952422,1.5,55 MPH
60440,63.0691565,1,55 MPH
60460,54.83599075,4.5,55 MPH
60480,45.51542575,2.5,55 MPH
60500,48.00090975,4.5,55 MPH
60520,42.874599,1.5,55 MPH
60560,44.117341,0.5,55 MPH
60620,44.117341,3.5,55 MPH
60640,44.117341,3,55 MPH
60660,50.331051,8,55 MPH
60680,50.952422,6.5,55 MPH
60700,48.3426638,4.5,55 MPH
60740,44.738712,0.5,55 MPH
60760,51.36666933,5.5,55 MPH
60780,53.437906,1.5,55 MPH
60800,52.195164,0.5,55 MPH
60820,54.59188071,9.5,55 MPH
60840,52.195164,0,55 MPH
60860,52.195164,2.5,55 MPH
60880,55.302019,0.5,55 MPH
60900,52.816535,1.5,55 MPH
60920,52.816535,1.5,55 MPH
60960,49.70968,2,55 MPH
60980,49.088309,1.5,55 MPH
61000,50.952422,7,55 MPH
61020,54.5563738,4,55 MPH
61060,53.1272205,5,55 MPH
61080,49.70968,0.5,55 MPH
61100,51.573793,3.5,55 MPH
61120,55.92339,0.5,55 MPH
61160,54.680648,4,55 MPH
61200,53.23078233,3,55 MPH
61220,54.680648,3,55 MPH
61240,53.85215333,6,55 MPH
61260,52.90530229,6,55 MPH
61280,44.117341,8,55 MPH
61300,44.117341,2.5,55 MPH
61320,48.55570529,6.5,55 MPH
61340,47.5348815,3,55 MPH
61360,42.874599,1.5,55 MPH
61380,45.981454,1.5,55 MPH
61400,57.166132,0.5,55 MPH
61420,51.573793,3,55 MPH
61440,52.816535,4.5,55 MPH
61460,57.37325567,3.5,55 MPH
61480,52.816535,2,55 MPH
61500,54.3699625,5,55 MPH
61520,52.195164,2,55 MPH
61540,54.26640067,4,55 MPH
61560,56.544761,2.5,55 MPH
61580,49.088309,1,55 MPH
61600,50.6417365,2.5,55 MPH
61620,54.680648,3,55 MPH
61640,54.059277,2,55 MPH
61660,49.70968,0.5,55 MPH
61680,52.195164,0.5,45 MPH
61700,56.2340755,2.5,45 MPH
61720,55.45736175,5.5,45 MPH
61740,54.059277,1,45 MPH
61760,64.001213,0.5,45 MPH
61780,54.059277,2.5,45 MPH
61800,54.059277,2,45 MPH
61860,54.059277,4.5,45 MPH
61880,54.059277,1,45 MPH
61900,58.408874,2.5,45 MPH
61920,56.544761,9,45 MPH
61940,55.7991158,4.5,45 MPH
61960,52.195164,2.5,45 MPH
61980,54.059277,1,45 MPH
62000,67.729439,2,55 MPH
62020,54.059277,1.5,55 MPH
62040,52.816535,2.5,55 MPH
62060,50.952422,6,55 MPH
62080,54.9913335,6,55 MPH
62100,52.195164,2.5,55 MPH
62120,52.816535,0.5,55 MPH
62160,57.166132,3.5,55 MPH
62200,52.195164,2.5,55 MPH
62220,50.952422,2,55 MPH
62240,50.952422,3.5,55 MPH
62260,52.195164,3,55 MPH
62300,55.302019,2,55 MPH
62340,55.302019,1,55 MPH
62360,55.92339,5,55 MPH
62380,52.03982125,6,55 MPH
62440,52.195164,4,55 MPH
62460,53.90393425,2.5,55 MPH
62480,56.544761,2,55 MPH
62500,54.680648,8.5,55 MPH
62520,49.088309,1.5,55 MPH
62540,49.70968,1.5,55 MPH
62560,48.20063614,8.5,55 MPH
62580,44.117341,1,55 MPH
62600,44.738712,1,55 MPH
62620,42.874599,3.5,55 MPH
62640,44.117341,0.5,55 MPH
62660,44.738712,1.5,55 MPH
62700,45.981454,0.5,55 MPH
62760,47.69022425,6.5,55 MPH
62780,47.5348815,3.5,55 MPH
62820,47.01707233,2.5,55 MPH
62840,45.981454,1,55 MPH
62860,47.63844333,3,55 MPH
62880,49.088309,1,55 MPH
62900,48.88118533,5,55 MPH
62940,49.70968,1.5,55 MPH
62960,49.088309,3.5,55 MPH
62980,47.845567,0.5,45 MPH
63000,50.952422,2,45 MPH
63020,50.952422,0.5,45 MPH
63060,50.952422,2,45 MPH
63080,52.816535,0.5,45 MPH
63120,54.059277,1.5,45 MPH
63140,53.90393425,2,45 MPH
63180,51.36666933,4,45 MPH
63200,52.195164,2.5,45 MPH
63220,49.70968,4.5,45 MPH
63240,51.573793,4.5,45 MPH
63260,47.224196,1,45 MPH
63280,45.981454,1.5,45 MPH
63300,46.602825,9,45 MPH
63320,49.70968,1,45 MPH
63340,47.01707233,4,45 MPH
63360,42.874599,3,45 MPH
63380,50.0203655,2,45 MPH
63400,44.117341,1,45 MPH
63480,45.981454,1,45 MPH
63500,50.53817467,2.5,45 MPH
63520,54.680648,6.5,45 MPH
63560,50.4553252,3.5,45 MPH
63600,47.224196,2,45 MPH
63620,49.70968,3,45 MPH
63640,52.5058495,1.5,45 MPH
63660,52.5058495,1.5,45 MPH
63700,45.981454,1,45 MPH
63720,51.573793,3,45 MPH
63740,47.224196,1,45 MPH
63760,47.845567,2.5,45 MPH
63780,52.37269857,5.5,45 MPH
63800,57.166132,0.5,45 MPH
63820,51.10776475,6,45 MPH
63840,49.088309,1,45 MPH
63860,50.952422,1,45 MPH
63880,52.195164,1,45 MPH
63920,50.952422,3,45 MPH
63940,53.437906,1.5,45 MPH
63960,49.088309,3.5,45 MPH
63980,50.952422,2,45 MPH
64000,45.981454,4,45 MPH
64020,45.981454,1.5,45 MPH
64060,44.117341,2.5,45 MPH
64080,44.738712,1.5,45 MPH
64100,50.331051,2.5,45 MPH
64120,44.117341,2.5,45 MPH
64140,44.117341,0.5,45 MPH
64160,44.117341,4,45 MPH
64180,44.117341,3,45 MPH
64200,57.166132,0.5,45 MPH
64220,47.37953875,7,45 MPH
64240,47.5348815,9,45 MPH
64260,46.18857767,10,45 MPH
64280,42.874599,1,45 MPH
64300,41.010486,1,45 MPH
64320,43.49597,7,45 MPH
64340,39.146373,3.5,45 MPH
64360,45.0493975,1,45 MPH
64380,42.253228,5.5,45 MPH
64400,40.0784295,3.5,45 MPH
64460,39.767744,2,45 MPH
64500,39.767744,3,45 MPH
64560,39.146373,2,45 MPH
64580,44.32446467,1.5,45 MPH
64620,44.738712,5,45 MPH
64640,43.91021733,2.5,45 MPH
64660,45.56720667,5,45 MPH
64720,44.117341,2,45 MPH
64740,47.845567,9.5,45 MPH
64760,48.1562525,2,45 MPH
64780,47.5970186,5.5,45 MPH
64800,50.0203655,3,45 MPH
64820,50.0203655,3,45 MPH
64840,48.25981433,4,45 MPH
64860,47.43131967,7.5,45 MPH
64880,48.466938,4.5,45 MPH
64900,44.738712,0.5,45 MPH
64920,44.738712,0.5,45 MPH
64940,44.738712,0.5,45 MPH
64960,47.845567,0.5,45 MPH
64980,47.845567,1.5,45 MPH
65000,47.845567,2,45 MPH
65040,47.224196,2,45 MPH
65060,45.981454,0.5,45 MPH
65080,49.088309,2.5,45 MPH
65100,49.088309,0.5,45 MPH
65120,47.845567,1,45 MPH
65180,49.088309,0.5,45 MPH
65220,54.059277,3.5,45 MPH
65240,54.680648,4.5,45 MPH
65260,49.8339542,7.5,45 MPH
65280,47.224196,1,45 MPH
65300,45.981454,0.5,45 MPH
65340,49.97598186,5,45 MPH
65360,44.738712,1.5,45 MPH
65380,50.952422,3,45 MPH
65400,53.1272205,3,45 MPH
65440,47.224196,0.5,45 MPH
65460,49.70968,5,45 MPH
65500,52.195164,0.5,45 MPH
65520,56.544761,2,45 MPH
65540,55.302019,4,45 MPH
65560,52.816535,1,45 MPH
65580,52.195164,1.5,45 MPH
65600,52.195164,1,45 MPH
65640,55.5505674,4,45 MPH
65660,49.70968,4,45 MPH
65740,52.195164,3,45 MPH
65760,52.195164,0.5,45 MPH
65780,59.030245,1,45 MPH
65800,57.63216025,3,45 MPH
65840,54.059277,3.5,45 MPH
65860,50.17570825,3,45 MPH
65880,45.981454,5,45 MPH
65900,45.981454,1,45 MPH
65980,45.981454,4,45 MPH
66020,42.874599,2.5,45 MPH
66040,48.7776235,3.5,45 MPH
66060,48.7776235,1,45 MPH
66080,42.253228,0.5,45 MPH
66140,44.117341,3,45 MPH
66180,44.738712,2.5,45 MPH
66220,51.2631075,2,45 MPH
66240,51.8844785,2,45 MPH
66260,47.224196,1,45 MPH
66280,47.224196,0.5,45 MPH
66300,44.738712,2.5,45 MPH
66320,50.0203655,7.5,45 MPH
66340,52.195164,1.5,45 MPH
66380,49.088309,3.5,45 MPH
66400,49.088309,2,45 MPH
66460,47.01707233,5.5,45 MPH
66520,46.9756476,3,45 MPH
66540,48.466938,2.5,45 MPH
66560,45.15295933,5.5,45 MPH
66580,44.117341,2,45 MPH
66600,45.15295933,5,45 MPH
66620,44.117341,3.5,45 MPH
66640,46.8513734,7,45 MPH
66660,42.874599,1.5,45 MPH
66680,45.981454,3.5,45 MPH
66700,47.7212928,6,45 MPH
66720,46.75816775,5,45 MPH
66740,47.224196,0.5,45 MPH
66760,51.573793,6.5,45 MPH
66780,47.845567,2.5,45 MPH
66800,47.224196,2.5,45 MPH
66820,45.981454,1.5,45 MPH
66840,45.981454,2,45 MPH
66900,44.117341,4,45 MPH
66920,47.06885325,3.5,45 MPH
66940,57.787503,0.5,45 MPH
66960,44.738712,2.5,45 MPH
67000,44.117341,1.5,45 MPH
67020,44.117341,0.5,45 MPH
67080,48.88118533,3.5,45 MPH
67100,57.787503,0.5,45 MPH
67120,50.74529833,1.5,45 MPH
67160,45.981454,0.5,45 MPH
67200,51.8223414,7.5,45 MPH
67220,49.088309,3,45 MPH
67280,47.845567,2,45 MPH
67340,47.845567,0.5,45 MPH
67360,49.70968,1,45 MPH
67380,50.952422,1,45 MPH
67420,51.2631075,2,45 MPH
67440,47.845567,4.5,45 MPH
67500,47.224196,1,45 MPH
67580,47.224196,1,45 MPH
67600,49.50255633,1.5,45 MPH
67620,47.224196,6,45 MPH
67640,48.7776235,5,45 MPH
67680,47.845567,1.5,45 MPH
67700,44.117341,7,45 MPH
67720,49.3989945,2,45 MPH
67740,47.01707233,3.5,45 MPH
67780,44.117341,0.5,45 MPH
67800,44.117341,3,45 MPH
67820,44.117341,2.5,45 MPH
67840,45.981454,0.5,45 MPH
67880,47.224196,0.5,45 MPH
67920,53.85215333,6,45 MPH
67940,50.952422,3.5,45 MPH
67960,46.9135105,4.5,45 MPH
68000,44.117341,1,45 MPH
68020,44.738712,0.5,45 MPH
68060,47.224196,0.5,45 MPH
68080,47.224196,2.5,45 MPH
68100,49.088309,2.5,45 MPH
68120,48.05269067,4.5,45 MPH
68200,47.5348815,6.5,45 MPH
68220,45.981454,1,45 MPH
68280,47.224196,1.5,45 MPH
68320,44.738712,3.5,45 MPH
68340,46.80994867,4.5,45 MPH
68360,46.39570133,2.5,45 MPH
68400,46.39570133,2,45 MPH
68420,45.51542575,4.5,45 MPH
68460,46.7270992,3,45 MPH
68480,47.224196,1.5,45 MPH
68500,47.845567,3.5,45 MPH
68520,47.224196,0.5,45 MPH
68540,45.981454,2,45 MPH
68560,47.845567,0.5,45 MPH
68580,49.088309,3,45 MPH
68600,48.7776235,1.5,45 MPH
68620,45.981454,2.5,45 MPH
68640,49.70968,0.5,45 MPH
68680,45.981454,0.5,45 MPH
68720,47.224196,0.5,45 MPH
68780,49.088309,1,45 MPH
68800,44.117341,3,45 MPH
68820,47.5348815,1,45 MPH
68840,52.195164,0.5,45 MPH
68860,44.117341,3.5,45 MPH
68940,44.117341,1,45 MPH
68980,44.117341,0.5,45 MPH
69040,48.1562525,2.5,45 MPH
69080,44.738712,4.5,45 MPH
69120,45.360083,2.5,45 MPH
69140,46.602825,3,45 MPH
69160,42.874599,4.5,45 MPH
69200,45.77433033,1.5,45 MPH
69240,44.738712,0.5,45 MPH
69260,45.981454,0.5,45 MPH
69280,45.981454,1.5,45 MPH
69380,47.845567,4,45 MPH
69400,48.62228075,2.5,45 MPH
69420,48.7154864,6.5,45 MPH
69480,47.845567,1,45 MPH
69540,49.70968,0.5,45 MPH
69560,50.12392733,4,45 MPH
69580,49.70968,0.5,45 MPH
69600,49.088309,2.5,45 MPH
69620,50.952422,0.5,45 MPH
69640,47.845567,1.5,45 MPH
69660,47.845567,1,45 MPH
69680,49.70968,6,45 MPH
69700,49.70968,1,45 MPH
69720,48.88118533,4,45 MPH
69740,45.82611125,9.5,45 MPH
69760,44.2416152,9.5,45 MPH
69780,42.874599,4,45 MPH
69800,44.117341,2.5,45 MPH
69820,44.738712,0.5,45 MPH
69900,47.224196,6,45 MPH
69920,47.224196,0.5,45 MPH
69940,45.981454,2,45 MPH
70020,47.224196,0.5,45 MPH
70040,47.845567,0.5,45 MPH
70080,52.816535,0.5,45 MPH
70100,52.195164,1,45 MPH
70140,49.70968,2,45 MPH
70160,50.331051,4,45 MPH
70180,47.845567,2,45 MPH
70200,47.845567,0.5,45 MPH
70260,47.845567,0.5,45 MPH
70280,47.845567,0.5,45 MPH
70300,48.31159525,6,45 MPH
70320,47.845567,4,45 MPH
70340,46.9135105,2,45 MPH
70360,47.845567,1.5,45 MPH
70380,44.4280265,0.5,45 MPH
70440,44.738712,0.5,45 MPH
70460,43.49597,4,45 MPH
70500,44.117341,1,45 MPH
70600,44.117341,2.5,45 MPH
70640,44.738712,4.5,45 MPH
70700,47.224196,2.5,45 MPH
71000,45.981454,0.5,45 MPH
71040,42.874599,3,45 MPH
71100,44.738712,3,45 MPH
71140,44.738712,1.5,45 MPH
71180,36.039518,0.5,45 MPH
71200,40.389115,2,45 MPH
71220,41.42473333,4.5,45 MPH
71240,41.78719975,4.5,45 MPH
71260,39.4570585,3.5,45 MPH
71340,44.117341,3.5,45 MPH
71360,44.117341,0.5,45 MPH
71380,49.70968,2,45 MPH
71400,49.70968,0.5,45 MPH
71420,52.816535,1,45 MPH
71480,55.302019,1.5,45 MPH
71520,52.195164,2,45 MPH
71540,55.302019,2,45 MPH
71560,55.92339,0.5,45 MPH
71580,57.787503,1.5,45 MPH
71600,55.302019,3.5,45 MPH
71620,54.059277,0,45 MPH
71640,52.816535,1,45 MPH
71660,43.49597,4,45 MPH
71680,52.816535,1,45 MPH
71700,44.738712,1.5,45 MPH
71720,54.059277,4,45 MPH
71760,52.195164,2.5,45 MPH
71780,50.952422,0.5,45 MPH
71840,49.70968,1,45 MPH
71860,49.70968,1,45 MPH
71940,50.952422,0.5,45 MPH
71960,49.70968,2.5,45 MPH
71980,49.088309,2.5,45 MPH
